Multimedia information systems,,FALSE,"[{'tag_name': 'ASPECT', 'parsed_value': 'multimedia information system', 'count': 1, 'forms': [{'start_char': 0, 'form': 'Multimedia information systems', 'end_char': 30}], 'relevance': 0.5119542323522642}]"
The Next Step,,FALSE,"[{'tag_name': 'ASPECT', 'parsed_value': 'step', 'count': 1, 'forms': [{'start_char': 9, 'form': 'Step', 'end_char': 13}], 'relevance': 0.3313542006476158}]"
"<h3>The Next Step</h3>
 The CD audio system is a good example of a discrete-time system.
Buried inside the blocks of Fig.~<a class=""flink bkimg"" ref=""fig-cdsyst"">&#8251;</a> are many discrete-time subsystems and
signals.  While we do not promise to explain all the details of CD players or any other
complex system, we do hope to establish the foundations for the understanding of
discrete- and continuous-time signals and systems so that this knowledge can be applied
to understanding components of more complicated systems. In
Chapter~<a class=""flink bkimg"" ref=""chapter-two-sinusoids"">&#8251;</a>, we will start at a basic mathematical level and
show how the well-known sine and cosine functions from trigonometry play a fundamental
role in signal and system theory. Next, we will show how complex numbers can simplify
the algebra of trigonometric functions. Subsequent chapters will introduce the concept
of the frequency spectrum of a signal and the concept of filtering with a linear
time-invariant system.  By the end of the book, the diligent reader who has worked the
problems, experienced the demonstrations, and done the laboratory exercises will be
rewarded with a solid understanding of many of the key concepts underlying the digital
multimedia information  systems that are rapidly
becoming commonplace.",,FALSE,"[{'tag_name': 'ASPECT', 'parsed_value': 'signal', 'count': 3, 'forms': [{'start_char': 215, 'form': 'signals', 'end_char': 222}, {'start_char': 753, 'form': 'signal', 'end_char': 759}, {'start_char': 951, 'form': 'signal', 'end_char': 957}], 'relevance': 1.0}, {'tag_name': 'ASPECT', 'parsed_value': 'system', 'count': 4, 'forms': [{'start_char': 312, 'form': 'system', 'end_char': 318}, {'start_char': 428, 'form': 'systems', 'end_char': 435}, {'start_char': 523, 'form': 'systems', 'end_char': 530}, {'start_char': 1287, 'form': 'systems', 'end_char': 1294}], 'relevance': 0.9415417008387491}, {'tag_name': 'ASPECT', 'parsed_value': 'cd audio system', 'count': 1, 'forms': [{'start_char': 29, 'form': 'CD audio system', 'end_char': 44}], 'relevance': 0.8306878877813795}, {'tag_name': 'ASPECT', 'parsed_value': 'time system', 'count': 1, 'forms': [{'start_char': 77, 'form': 'time system', 'end_char': 88}], 'relevance': 0.7994195466028304}, {'tag_name': 'OPINION', 'parsed_value': 'complex system', 'count': 1, 'forms': [{'start_char': 304, 'form': 'complex system', 'end_char': 318}], 'relevance': 0.6623403790038245}, {'tag_name': 'ASPECT', 'parsed_value': 'time signal', 'count': 1, 'forms': [{'start_char': 411, 'form': 'time signals', 'end_char': 423}], 'relevance': 0.5170429026619572}, {'tag_name': 'OPINION', 'parsed_value': 'good example', 'count': 1, 'forms': [{'start_char': 50, 'form': 'good example', 'end_char': 62}], 'relevance': 0.460307996647638}, {'tag_name': 'ASPECT', 'parsed_value': 'example', 'count': 1, 'forms': [{'start_char': 55, 'form': 'example', 'end_char': 62}], 'relevance': 0.4244054195388796}, {'tag_name': 'OPINION', 'parsed_value': 'complicated system', 'count': 1, 'forms': [{'start_char': 511, 'form': 'complicated systems', 'end_char': 530}], 'relevance': 0.324088812133684}, {'tag_name': 'OPINION', 'parsed_value': 'solid understanding', 'count': 1, 'forms': [{'start_char': 1191, 'form': 'solid understanding', 'end_char': 1210}], 'relevance': 0.324088812133684}]"
Introduction,,FALSE,"[{'tag_name': 'ASPECT', 'parsed_value': 'introduction', 'count': 1, 'forms': [{'start_char': 0, 'form': 'Introduction', 'end_char': 12}], 'relevance': 0.3172967888346072}]"
"<h3><span class=""chapter text-center"">CHAPTER 1<br> Introduction</h3>

 This is a book about signals and systems. In
this age of multimedia computers, audio and video entertainment
systems, and digital communication systems, it is almost certain
that you, the reader of this text, have formed some impression of
the meaning of the terms <span class=""bold highlight"">signal</span> and <span class=""bold highlight"">system</span>, and
you probably use the terms often in daily conversation.",,FALSE,"[{'tag_name': 'ASPECT', 'parsed_value': 'signal', 'count': 1, 'forms': [{'start_char': 95, 'form': 'signals', 'end_char': 102}], 'relevance': 1.0}, {'tag_name': 'ASPECT', 'parsed_value': 'system', 'count': 2, 'forms': [{'start_char': 107, 'form': 'systems', 'end_char': 114}, {'start_char': 185, 'form': 'systems', 'end_char': 192}], 'relevance': 0.9415417008387491}, {'tag_name': 'ASPECT', 'parsed_value': 'span class=""bold', 'count': 2, 'forms': [{'start_char': 344, 'form': 'span class=""bold', 'end_char': 360}, {'start_char': 391, 'form': 'span class=""bold', 'end_char': 407}], 'relevance': 0.5077338888476739}, {'tag_name': 'ASPECT', 'parsed_value': 'age of multimedia computers', 'count': 1, 'forms': [{'start_char': 125, 'form': 'age of multimedia computers', 'end_char': 152}], 'relevance': 0.32003318520977864}, {'tag_name': 'ASPECT', 'parsed_value': 'term', 'count': 2, 'forms': [{'start_char': 337, 'form': 'terms', 'end_char': 342}, {'start_char': 460, 'form': 'terms', 'end_char': 465}], 'relevance': 0.3094886497998251}, {'tag_name': 'ASPECT', 'parsed_value': 'h3><span class=""chapter text', 'count': 1, 'forms': [{'start_char': 1, 'form': 'h3><span class=""chapter text', 'end_char': 29}], 'relevance': 0.3042518451377103}, {'tag_name': 'ASPECT', 'parsed_value': 'digital communication system', 'count': 1, 'forms': [{'start_char': 198, 'form': 'digital communication systems', 'end_char': 227}], 'relevance': 0.3042518451377103}, {'tag_name': 'ASPECT', 'parsed_value': 'br > introduction</h3', 'count': 1, 'forms': [{'start_char': 48, 'form': 'br> Introduction</h3', 'end_char': 68}], 'relevance': 0.3042518451377103}, {'tag_name': 'ASPECT', 'parsed_value': 'daily conversation', 'count': 1, 'forms': [{'start_char': 475, 'form': 'daily conversation', 'end_char': 493}], 'relevance': 0.2904431725746505}, {'tag_name': 'ASPECT', 'parsed_value': 'video entertainment', 'count': 1, 'forms': [{'start_char': 164, 'form': 'video entertainment', 'end_char': 183}], 'relevance': 0.2904431725746505}]"
Signals,,FALSE,"[{'tag_name': 'ASPECT', 'parsed_value': 'signal', 'count': 1, 'forms': [{'start_char': 0, 'form': 'Signals', 'end_char': 7}], 'relevance': 1.0}]"
"It is likely that your usage and understanding of the terms are
correct within some rather broad definitions.  For example, you
may think of a signal  as &#8220;something&#8221; that
carries information. Usually, that something is a pattern of
variations of a physical quantity that can be manipulated, stored,
or transmitted by physical processes. Examples include speech
signals, audio signals, video or image signals, biomedical
signals, radar signals, and seismic signals, to name just a few.
An important point is that signals can take many equivalent forms
or representations. For example, a speech signal is produced as an
acoustic signal, but it can be converted to an electrical signal
by a microphone, or a pattern of magnetization on a magnetic tape,
or even a string of numbers as in digital audio recording.",,FALSE,"[{'tag_name': 'ASPECT', 'parsed_value': 'signal', 'count': 4, 'forms': [{'start_char': 145, 'form': 'signal', 'end_char': 151}, {'start_char': 379, 'form': 'signals', 'end_char': 386}, {'start_char': 439, 'form': 'signals', 'end_char': 446}, {'start_char': 532, 'form': 'signals', 'end_char': 539}], 'relevance': 1.0}, {'tag_name': 'ASPECT', 'parsed_value': 'speech signal', 'count': 1, 'forms': [{'start_char': 607, 'form': 'speech signal', 'end_char': 620}], 'relevance': 0.45018187359811035}, {'tag_name': 'OPINION', 'parsed_value': 'produced speech signal', 'count': 1, 'forms': [{'start_char': 607, 'form': 'speech signal is produced', 'end_char': 632}], 'relevance': 0.43263062164216426}, {'tag_name': 'ASPECT', 'parsed_value': 'example', 'count': 3, 'forms': [{'start_char': 116, 'form': 'example', 'end_char': 123}, {'start_char': 354, 'form': 'Examples', 'end_char': 362}, {'start_char': 596, 'form': 'example', 'end_char': 603}], 'relevance': 0.4244054195388796}, {'tag_name': 'OPINION', 'parsed_value': 'important point', 'count': 1, 'forms': [{'start_char': 508, 'form': 'important point', 'end_char': 523}], 'relevance': 0.3907390917187552}, {'tag_name': 'ASPECT', 'parsed_value': 'speech', 'count': 1, 'forms': [{'start_char': 371, 'form': 'speech', 'end_char': 377}], 'relevance': 0.34945181183609386}, {'tag_name': 'ASPECT', 'parsed_value': 'video', 'count': 1, 'forms': [{'start_char': 403, 'form': 'video', 'end_char': 408}], 'relevance': 0.33958687141975524}, {'tag_name': 'ASPECT', 'parsed_value': 'pattern', 'count': 1, 'forms': [{'start_char': 236, 'form': 'pattern', 'end_char': 243}], 'relevance': 0.32875957646212123}, {'tag_name': 'ASPECT', 'parsed_value': 'acoustic signal', 'count': 1, 'forms': [{'start_char': 640, 'form': 'acoustic signal', 'end_char': 655}], 'relevance': 0.31126657071639063}, {'tag_name': 'ASPECT', 'parsed_value': 'term', 'count': 1, 'forms': [{'start_char': 54, 'form': 'terms', 'end_char': 59}], 'relevance': 0.3094886497998251}]"
Systems,,FALSE,"[{'tag_name': 'ASPECT', 'parsed_value': 'system', 'count': 1, 'forms': [{'start_char': 0, 'form': 'Systems', 'end_char': 7}], 'relevance': 0.9415417008387491}]"
"The term <span class=""bold highlight"">system</span>  may be somewhat more
ambiguous and subject to interpretation. For example, we often use
&#8220;system&#8221; to refer to a large organization that administers or
implements some process, such as the &#8220;Social Security system&#8221; or
the &#8220;airline transportation system.&#8221;  However, we will be
interested in a much narrower definition that is very closely
linked to signals. More specifically, a system, for our purposes,
is something that can manipulate, change, record, or transmit
signals. For example, an audio compact disk (CD) recording stores
or represents a music signal as sequence of numbers. A CD player
is a system for converting the numbers stored on the disk (i.e.,
the numerical representation of the signal) to an acoustic signal
that we can hear.  In general, systems <span class=""bold highlight"">operate</span> on signals
to produce new signals or new signal representations.",,FALSE,"[{'tag_name': 'ASPECT', 'parsed_value': 'signal', 'count': 4, 'forms': [{'start_char': 440, 'form': 'signals', 'end_char': 447}, {'start_char': 560, 'form': 'signals', 'end_char': 567}, {'start_char': 795, 'form': 'signal', 'end_char': 801}, {'start_char': 912, 'form': 'signals', 'end_char': 919}], 'relevance': 1.0}, {'tag_name': 'ASPECT', 'parsed_value': 'system', 'count': 3, 'forms': [{'start_char': 470, 'form': 'system', 'end_char': 476}, {'start_char': 698, 'form': 'system', 'end_char': 704}, {'start_char': 857, 'form': 'systems', 'end_char': 864}], 'relevance': 0.9415417008387491}, {'tag_name': 'ASPECT', 'parsed_value': 'span class=""bold', 'count': 2, 'forms': [{'start_char': 10, 'form': 'span class=""bold', 'end_char': 26}, {'start_char': 866, 'form': 'span class=""bold', 'end_char': 882}], 'relevance': 0.5077338888476739}, {'tag_name': 'OPINION', 'parsed_value': 'compact disk', 'count': 1, 'forms': [{'start_char': 591, 'form': 'compact disk', 'end_char': 603}], 'relevance': 0.45271066258602083}, {'tag_name': 'ASPECT', 'parsed_value': 'example', 'count': 2, 'forms': [{'start_char': 120, 'form': 'example', 'end_char': 127}, {'start_char': 573, 'form': 'example', 'end_char': 580}], 'relevance': 0.4244054195388796}, {'tag_name': 'ASPECT', 'parsed_value': 'sequence of numbers', 'count': 1, 'forms': [{'start_char': 659, 'form': 'sequence of numbers', 'end_char': 678}], 'relevance': 0.31799194549893683}, {'tag_name': 'ASPECT', 'parsed_value': 'acoustic signal', 'count': 1, 'forms': [{'start_char': 809, 'form': 'acoustic signal', 'end_char': 824}], 'relevance': 0.31126657071639063}, {'tag_name': 'ASPECT', 'parsed_value': 'term', 'count': 1, 'forms': [{'start_char': 4, 'form': 'term', 'end_char': 8}], 'relevance': 0.3094886497998251}, {'tag_name': 'ASPECT', 'parsed_value': 'cd player', 'count': 1, 'forms': [{'start_char': 682, 'form': 'CD player', 'end_char': 691}], 'relevance': 0.30417646760227}, {'tag_name': 'ASPECT', 'parsed_value': 'new signal', 'count': 1, 'forms': [{'start_char': 932, 'form': 'new signals', 'end_char': 943}], 'relevance': 0.3004498512743842}]"
"Our goal in this text is to develop a framework wherein it is
possible to make precise statements about both signals and
systems. Specifically, we want to show that mathematics is an
appropriate language for describing and understanding signals and
systems.  We also want to show that the representation of signals
and systems by mathematical equations allows us to understand how
signals and systems interact and how we can design and implement
systems that achieve a prescribed purpose.",,FALSE,"[{'tag_name': 'ASPECT', 'parsed_value': 'signal', 'count': 2, 'forms': [{'start_char': 110, 'form': 'signals', 'end_char': 117}, {'start_char': 387, 'form': 'signals', 'end_char': 394}], 'relevance': 1.0}, {'tag_name': 'ASPECT', 'parsed_value': 'system', 'count': 5, 'forms': [{'start_char': 123, 'form': 'systems', 'end_char': 130}, {'start_char': 253, 'form': 'systems', 'end_char': 260}, {'start_char': 324, 'form': 'systems', 'end_char': 331}, {'start_char': 399, 'form': 'systems', 'end_char': 406}, {'start_char': 453, 'form': 'systems', 'end_char': 460}], 'relevance': 0.9415417008387491}, {'tag_name': 'OPINION', 'parsed_value': 'precise statement', 'count': 1, 'forms': [{'start_char': 80, 'form': 'precise statements', 'end_char': 98}], 'relevance': 0.3907390917187552}, {'tag_name': 'OPINION', 'parsed_value': 'appropriate language', 'count': 1, 'forms': [{'start_char': 186, 'form': 'appropriate language', 'end_char': 206}], 'relevance': 0.3907390917187552}, {'tag_name': 'ASPECT', 'parsed_value': 'representation of signals', 'count': 1, 'forms': [{'start_char': 293, 'form': 'representation of signals', 'end_char': 318}], 'relevance': 0.3061212094532}, {'tag_name': 'ASPECT', 'parsed_value': 'mathematical equation', 'count': 1, 'forms': [{'start_char': 335, 'form': 'mathematical equations', 'end_char': 357}], 'relevance': 0.29190361344612686}, {'tag_name': 'ASPECT', 'parsed_value': 'understanding signal', 'count': 1, 'forms': [{'start_char': 226, 'form': 'understanding signals', 'end_char': 247}], 'relevance': 0.29190361344612686}, {'tag_name': 'ASPECT', 'parsed_value': 'prescribed purpose', 'count': 1, 'forms': [{'start_char': 476, 'form': 'prescribed purpose', 'end_char': 494}], 'relevance': 0.29190361344612686}, {'tag_name': 'ASPECT', 'parsed_value': 'text', 'count': 1, 'forms': [{'start_char': 17, 'form': 'text', 'end_char': 21}], 'relevance': 0.28004370039221216}, {'tag_name': 'ASPECT', 'parsed_value': 'mathematic', 'count': 1, 'forms': [{'start_char': 167, 'form': 'mathematics', 'end_char': 178}], 'relevance': 0.27195780201276615}]"
CD audio system,,FALSE,"[{'tag_name': 'ASPECT', 'parsed_value': 'cd audio system', 'count': 1, 'forms': [{'start_char': 0, 'form': 'CD audio system', 'end_char': 15}], 'relevance': 0.8306878877813795}]"
Analog-to-digital (A-to-D) conversion,,FALSE,"[{'tag_name': 'ASPECT', 'parsed_value': 'conversion', 'count': 1, 'forms': [{'start_char': 27, 'form': 'conversion', 'end_char': 37}], 'relevance': 0.33162202197814944}, {'tag_name': 'ASPECT', 'parsed_value': 'analog', 'count': 1, 'forms': [{'start_char': 0, 'form': 'Analog', 'end_char': 6}], 'relevance': 0.3139253404454224}]"
"A-to-D
converter",,FALSE,"[{'tag_name': 'ASPECT', 'parsed_value': 'converter', 'count': 1, 'forms': [{'start_char': 8, 'form': 'converter', 'end_char': 17}], 'relevance': 0.41321747145272664}]"
Thinking About Systems,,FALSE,"[{'tag_name': 'ASPECT', 'parsed_value': 'system', 'count': 1, 'forms': [{'start_char': 15, 'form': 'Systems', 'end_char': 22}], 'relevance': 0.9415417008387491}]"
"<h3>Thinking About Systems</h3>
 Block diagrams are useful for representing complex systems in
terms of simpler systems, which are more easily understood.  For
example, Fig.~<a class=""flink bkimg"" ref=""fig-cdsyst"">&#8251;</a> shows a block diagram
representation of the process of recording and playback of an
audio CD.  This block diagram breaks the
operation down into four subsystems.  The first operation is
A-to-D (analog-to-digital) conversion, which is a
  physical approximation to the ideal C-to-D converter
defined in <a class=""flink bkeq"" ref=""eq-ctodeq""><span ref=""eq-ctodeq"" class=""glyphicon glyphicon-option-horizontal"" aria-hidden=""true""></span></a>. An A-to-D converter produces
finite-precision numbers as samples of the input signal (quantized
to a limited number of bits), while the ideal C-to-D converter
produces samples with infinite precision. For the high-accuracy
A-to-D converters used in precision audio systems, the difference
between an A-to-D converter and our idealized C-to-D converter is
slight, but the distinction is very important. Only
finite-precision quantized sample values can be stored in digital
memory of finite size!",,FALSE,"[{'tag_name': 'ASPECT', 'parsed_value': 'system', 'count': 1, 'forms': [{'start_char': 85, 'form': 'systems', 'end_char': 92}], 'relevance': 0.9415417008387491}, {'tag_name': 'ASPECT', 'parsed_value': 'block diagram', 'count': 3, 'forms': [{'start_char': 34, 'form': 'Block diagrams', 'end_char': 48}, {'start_char': 237, 'form': 'block diagram', 'end_char': 250}, {'start_char': 331, 'form': 'block diagram', 'end_char': 344}], 'relevance': 0.7815275143848937}, {'tag_name': 'OPINION', 'parsed_value': 'complex system', 'count': 1, 'forms': [{'start_char': 77, 'form': 'complex systems', 'end_char': 92}], 'relevance': 0.6623403790038245}, {'tag_name': 'ASPECT', 'parsed_value': 'd converter', 'count': 6, 'forms': [{'start_char': 513, 'form': 'D converter', 'end_char': 524}, {'start_char': 683, 'form': 'D converter', 'end_char': 694}, {'start_char': 824, 'form': 'D converter', 'end_char': 835}, {'start_char': 907, 'form': 'D converters', 'end_char': 919}, {'start_char': 985, 'form': 'D converter', 'end_char': 996}, {'start_char': 1020, 'form': 'D converter', 'end_char': 1031}], 'relevance': 0.5884194574539753}, {'tag_name': 'ASPECT', 'parsed_value': 'audio system', 'count': 1, 'forms': [{'start_char': 938, 'form': 'audio systems', 'end_char': 951}], 'relevance': 0.47532879506401327}, {'tag_name': 'ASPECT', 'parsed_value': 'example', 'count': 1, 'forms': [{'start_char': 163, 'form': 'example', 'end_char': 170}], 'relevance': 0.4244054195388796}, {'tag_name': 'OPINION', 'parsed_value': 'limited number of bits', 'count': 1, 'forms': [{'start_char': 778, 'form': 'limited number of bits', 'end_char': 800}], 'relevance': 0.3979104546665103}, {'tag_name': 'OPINION', 'parsed_value': 'useful block diagram', 'count': 1, 'forms': [{'start_char': 34, 'form': 'Block diagrams are useful for', 'end_char': 63}], 'relevance': 0.36655366070309564}, {'tag_name': 'OPINION', 'parsed_value': 'quantized sample value', 'count': 1, 'forms': [{'start_char': 1106, 'form': 'quantized sample values', 'end_char': 1129}], 'relevance': 0.36655366070309564}, {'tag_name': 'OPINION', 'parsed_value': 'very important distinction', 'count': 1, 'forms': [{'start_char': 1052, 'form': 'distinction is very important.', 'end_char': 1082}], 'relevance': 0.36655366070309564}]"
CD audio system! block diagram,,FALSE,"[{'tag_name': 'ASPECT', 'parsed_value': 'cd audio system', 'count': 1, 'forms': [{'start_char': 0, 'form': 'CD audio system', 'end_char': 15}], 'relevance': 0.8306878877813795}, {'tag_name': 'ASPECT', 'parsed_value': 'block diagram', 'count': 1, 'forms': [{'start_char': 17, 'form': 'block diagram', 'end_char': 30}], 'relevance': 0.7815275143848937}]"
"Chapter01/art/CDplayer_block_diagram ~ Simplified block diagram for
recording and playback of an audio CD.",,FALSE,"[{'tag_name': 'ASPECT', 'parsed_value': 'block diagram', 'count': 1, 'forms': [{'start_char': 50, 'form': 'block diagram', 'end_char': 63}], 'relevance': 0.7815275143848937}, {'tag_name': 'OPINION', 'parsed_value': 'simplified block diagram', 'count': 1, 'forms': [{'start_char': 39, 'form': 'Simplified block diagram', 'end_char': 63}], 'relevance': 0.5119542323522642}, {'tag_name': 'ASPECT', 'parsed_value': 'chapter01', 'count': 1, 'forms': [{'start_char': 0, 'form': 'Chapter01', 'end_char': 9}], 'relevance': 0.44709957435308756}, {'tag_name': 'ASPECT', 'parsed_value': 'art', 'count': 1, 'forms': [{'start_char': 10, 'form': 'art', 'end_char': 13}], 'relevance': 0.422118104221869}, {'tag_name': 'ASPECT', 'parsed_value': 'audio cd', 'count': 1, 'forms': [{'start_char': 98, 'form': 'audio CD', 'end_char': 106}], 'relevance': 0.36453290898095964}, {'tag_name': 'ASPECT', 'parsed_value': 'playback', 'count': 1, 'forms': [{'start_char': 83, 'form': 'playback', 'end_char': 91}], 'relevance': 0.2925982225619952}, {'tag_name': 'ASPECT', 'parsed_value': 'recording', 'count': 1, 'forms': [{'start_char': 69, 'form': 'recording', 'end_char': 78}], 'relevance': 0.2879572566822449}]"
x[n],,FALSE,[]
"<div class=""row clearBoth"">
									<div class=""thumbnail"">
									  <img id=""fig-cdsyst"" src=""ITS_FILES/BOOK4/Chapter01/art/CDplayer_block_diagram.png"" style=""max-height:100px"">
									  <div class=""caption text-center text-muted"">Simplified block diagram for
recording and playback of an audio CD.</div>
									</div>
								  </div>
Figure <a class=""flink bkimg"" ref=""fig-cdsyst"">&#8251;</a>  shows that the output of the A-to-D
converter is the input to a system that writes the numbers \(x[n]\)
onto the optical disc.  This is a complex process, but for our
purposes it is sufficient to simply show it as a single operation.
Likewise, the complex mechanical/optical system for reading the
numbers off the optical disk is shown as a single operation.
Finally, the conversion of the signal from discrete-time form to
continuous-time (acoustic) form is shown as a system called a
D-to-A (digital-to-analog) converter.  This system takes finite
precision binary numbers in sequence and fills in a
continuous-time function between the samples. The resulting
continuous-time signal could then be fed to other systems, such as
amplifiers, loudspeakers, and headphones, for conversion to sound.",,FALSE,"[{'tag_name': 'ASPECT', 'parsed_value': 'signal', 'count': 1, 'forms': [{'start_char': 807, 'form': 'signal', 'end_char': 813}], 'relevance': 1.0}, {'tag_name': 'ASPECT', 'parsed_value': 'system', 'count': 4, 'forms': [{'start_char': 476, 'form': 'system', 'end_char': 482}, {'start_char': 888, 'form': 'system', 'end_char': 894}, {'start_char': 949, 'form': 'system', 'end_char': 955}, {'start_char': 1134, 'form': 'systems', 'end_char': 1141}], 'relevance': 0.9415417008387491}, {'tag_name': 'ASPECT', 'parsed_value': 'block diagram', 'count': 1, 'forms': [{'start_char': 251, 'form': 'block diagram', 'end_char': 264}], 'relevance': 0.7815275143848937}, {'tag_name': 'ASPECT', 'parsed_value': 'time signal', 'count': 1, 'forms': [{'start_char': 1095, 'form': 'time signal', 'end_char': 1106}], 'relevance': 0.5170429026619572}, {'tag_name': 'ASPECT', 'parsed_value': 'div class=""row clearboth', 'count': 1, 'forms': [{'start_char': 1, 'form': 'div class=""row clearBoth', 'end_char': 25}], 'relevance': 0.500790245621883}, {'tag_name': 'ASPECT', 'parsed_value': 'div class=""caption text', 'count': 1, 'forms': [{'start_char': 197, 'form': 'div class=""caption text', 'end_char': 220}], 'relevance': 0.500790245621883}, {'tag_name': 'ASPECT', 'parsed_value': 'chapter01', 'count': 1, 'forms': [{'start_char': 116, 'form': 'Chapter01', 'end_char': 125}], 'relevance': 0.44709957435308756}, {'tag_name': 'ASPECT', 'parsed_value': 'div class=""thumbnail', 'count': 1, 'forms': [{'start_char': 39, 'form': 'div class=""thumbnail', 'end_char': 59}], 'relevance': 0.44398879795291046}, {'tag_name': 'ASPECT', 'parsed_value': 'center text', 'count': 1, 'forms': [{'start_char': 221, 'form': 'center text', 'end_char': 232}], 'relevance': 0.44398879795291046}, {'tag_name': 'ASPECT', 'parsed_value': 'img id=""fig', 'count': 1, 'forms': [{'start_char': 75, 'form': 'img id=""fig', 'end_char': 86}], 'relevance': 0.44398879795291046}]"
Audio system,,FALSE,"[{'tag_name': 'ASPECT', 'parsed_value': 'audio system', 'count': 1, 'forms': [{'start_char': 0, 'form': 'Audio system', 'end_char': 12}], 'relevance': 0.47532879506401327}]"
" Systems like the CD audio system are all
around us. Most of the time we do not need to think about how such
systems work, but this example illustrates the value of thinking
about a complex system in a hierarchical form.  In this way, we
can first understand the individual parts, then the relationship
among the parts, and finally the whole system. By looking at the
CD audio system in this manner, we see that a very important issue
is the conversion from continuous-time to discrete-time and back
to continuous-time, and we see that it is possible to consider
these operations separately from the other parts of the system.
The effect of connecting the parts is then relatively easy to
understand. Details of some parts can be left to experts in other
fields who, for example,  can develop more detailed breakdowns of
the optical disk subsystems.",,FALSE,"[{'tag_name': 'ASPECT', 'parsed_value': 'system', 'count': 3, 'forms': [{'start_char': 111, 'form': 'systems', 'end_char': 118}, {'start_char': 193, 'form': 'system', 'end_char': 199}, {'start_char': 628, 'form': 'system', 'end_char': 634}], 'relevance': 0.9415417008387491}, {'tag_name': 'ASPECT', 'parsed_value': 'cd audio system', 'count': 2, 'forms': [{'start_char': 18, 'form': 'CD audio system', 'end_char': 33}, {'start_char': 374, 'form': 'CD audio system', 'end_char': 389}], 'relevance': 0.8306878877813795}, {'tag_name': 'OPINION', 'parsed_value': 'complex system', 'count': 1, 'forms': [{'start_char': 185, 'form': 'complex system', 'end_char': 199}], 'relevance': 0.6623403790038245}, {'tag_name': 'ASPECT', 'parsed_value': 'example', 'count': 2, 'forms': [{'start_char': 134, 'form': 'example', 'end_char': 141}, {'start_char': 783, 'form': 'example', 'end_char': 790}], 'relevance': 0.4244054195388796}, {'tag_name': 'OPINION', 'parsed_value': 'important issue', 'count': 1, 'forms': [{'start_char': 425, 'form': 'important issue', 'end_char': 440}], 'relevance': 0.405232515516704}, {'tag_name': 'ASPECT', 'parsed_value': 'conversion', 'count': 1, 'forms': [{'start_char': 449, 'form': 'conversion', 'end_char': 459}], 'relevance': 0.33162202197814944}, {'tag_name': 'ASPECT', 'parsed_value': 'systems', 'count': 1, 'forms': [{'start_char': 1, 'form': 'Systems', 'end_char': 8}], 'relevance': 0.31185091632649997}, {'tag_name': 'ASPECT', 'parsed_value': 'value of thinking', 'count': 1, 'forms': [{'start_char': 158, 'form': 'value of thinking', 'end_char': 175}], 'relevance': 0.2943568173834145}, {'tag_name': 'ASPECT', 'parsed_value': 'optical disk subsystem', 'count': 1, 'forms': [{'start_char': 838, 'form': 'optical disk subsystems', 'end_char': 861}], 'relevance': 0.2943568173834145}, {'tag_name': 'ASPECT', 'parsed_value': 'whole system', 'count': 1, 'forms': [{'start_char': 341, 'form': 'whole system', 'end_char': 353}], 'relevance': 0.28271268214160694}]"
Signals,,FALSE,"[{'tag_name': 'ASPECT', 'parsed_value': 'signal', 'count': 1, 'forms': [{'start_char': 0, 'form': 'Signals', 'end_char': 7}], 'relevance': 1.0}]"
Mathematical Representation of Signals,,FALSE,"[{'tag_name': 'ASPECT', 'parsed_value': 'signal', 'count': 1, 'forms': [{'start_char': 31, 'form': 'Signals', 'end_char': 38}], 'relevance': 1.0}, {'tag_name': 'ASPECT', 'parsed_value': 'mathematical representation', 'count': 1, 'forms': [{'start_char': 0, 'form': 'Mathematical Representation', 'end_char': 27}], 'relevance': 0.6416144244087119}]"
"<h3>Mathematical Representation of Signals</h3>
 Signals are patterns of variations that represent or encode
information. They have a central role in
measurement, in probing other physical systems, in medical
technology, and in telecommunication, to name just a few areas.",,FALSE,"[{'tag_name': 'ASPECT', 'parsed_value': 'signal', 'count': 1, 'forms': [{'start_char': 50, 'form': 'Signals', 'end_char': 57}], 'relevance': 1.0}, {'tag_name': 'ASPECT', 'parsed_value': 'mathematical representation', 'count': 1, 'forms': [{'start_char': 4, 'form': 'Mathematical Representation', 'end_char': 31}], 'relevance': 0.6416144244087119}, {'tag_name': 'ASPECT', 'parsed_value': 'pattern of variations', 'count': 1, 'forms': [{'start_char': 62, 'form': 'patterns of variations', 'end_char': 84}], 'relevance': 0.39125632099223306}, {'tag_name': 'ASPECT', 'parsed_value': 'physical system', 'count': 1, 'forms': [{'start_char': 183, 'form': 'physical systems', 'end_char': 199}], 'relevance': 0.3278498059391581}, {'tag_name': 'ASPECT', 'parsed_value': 'central role', 'count': 1, 'forms': [{'start_char': 136, 'form': 'central role', 'end_char': 148}], 'relevance': 0.3078159692543675}, {'tag_name': 'ASPECT', 'parsed_value': 'h3', 'count': 1, 'forms': [{'start_char': 1, 'form': 'h3', 'end_char': 3}], 'relevance': 0.28491304433663867}, {'tag_name': 'ASPECT', 'parsed_value': 'information', 'count': 1, 'forms': [{'start_char': 111, 'form': 'information', 'end_char': 122}], 'relevance': 0.27597890054616814}, {'tag_name': 'ASPECT', 'parsed_value': 'telecommunication', 'count': 1, 'forms': [{'start_char': 232, 'form': 'telecommunication', 'end_char': 249}], 'relevance': 0.265134699235212}, {'tag_name': 'ASPECT', 'parsed_value': 'area', 'count': 1, 'forms': [{'start_char': 270, 'form': 'areas', 'end_char': 275}], 'relevance': 0.265134699235212}, {'tag_name': 'ASPECT', 'parsed_value': 'signals</h3', 'count': 1, 'forms': [{'start_char': 35, 'form': 'Signals</h3', 'end_char': 46}], 'relevance': 0.265134699235212}]"
Time-waveform,,FALSE,"[{'tag_name': 'ASPECT', 'parsed_value': 'time-waveform', 'count': 1, 'forms': [{'start_char': 0, 'form': 'Time-waveform', 'end_char': 13}], 'relevance': 0.3172967888346072}]"
"Many signals are naturally thought of as a pattern of variations
in time.  A good example is a speech signal, which initially
arises as a pattern of changing air pressure in the vocal tract.
This pattern, of course, evolves with time, creating what we often
call a <span class=""bold highlight"">time waveform</span>. 
Figure~<a class=""flink bkimg"" ref=""fig-intro-spchwave"">&#8251;</a>",,FALSE,"[{'tag_name': 'ASPECT', 'parsed_value': 'signal', 'count': 1, 'forms': [{'start_char': 5, 'form': 'signals', 'end_char': 12}], 'relevance': 1.0}, {'tag_name': 'ASPECT', 'parsed_value': 'span class=""bold', 'count': 1, 'forms': [{'start_char': 270, 'form': 'span class=""bold', 'end_char': 286}], 'relevance': 0.5077338888476739}, {'tag_name': 'OPINION', 'parsed_value': 'good example', 'count': 1, 'forms': [{'start_char': 78, 'form': 'good example', 'end_char': 90}], 'relevance': 0.460307996647638}, {'tag_name': 'ASPECT', 'parsed_value': 'speech signal', 'count': 1, 'forms': [{'start_char': 96, 'form': 'speech signal', 'end_char': 109}], 'relevance': 0.45018187359811035}, {'tag_name': 'OPINION', 'parsed_value': 'naturally thought signal', 'count': 1, 'forms': [{'start_char': 5, 'form': 'signals are naturally thought', 'end_char': 34}], 'relevance': 0.4406733524730362}, {'tag_name': 'ASPECT', 'parsed_value': 'example', 'count': 1, 'forms': [{'start_char': 83, 'form': 'example', 'end_char': 90}], 'relevance': 0.4244054195388796}, {'tag_name': 'ASPECT', 'parsed_value': 'pattern of variations', 'count': 1, 'forms': [{'start_char': 43, 'form': 'pattern of variations', 'end_char': 64}], 'relevance': 0.39125632099223306}, {'tag_name': 'ASPECT', 'parsed_value': 'intro', 'count': 1, 'forms': [{'start_char': 361, 'form': 'intro', 'end_char': 366}], 'relevance': 0.3660576394006303}, {'tag_name': 'ASPECT', 'parsed_value': 'air pressure', 'count': 1, 'forms': [{'start_char': 160, 'form': 'air pressure', 'end_char': 172}], 'relevance': 0.3305404766612222}, {'tag_name': 'ASPECT', 'parsed_value': 'pattern', 'count': 2, 'forms': [{'start_char': 140, 'form': 'pattern', 'end_char': 147}, {'start_char': 199, 'form': 'pattern', 'end_char': 206}], 'relevance': 0.32875957646212123}]"
Signals! speech,,FALSE,"[{'tag_name': 'ASPECT', 'parsed_value': 'signal', 'count': 1, 'forms': [{'start_char': 0, 'form': 'Signals', 'end_char': 7}], 'relevance': 1.0}, {'tag_name': 'ASPECT', 'parsed_value': 'speech', 'count': 1, 'forms': [{'start_char': 9, 'form': 'speech', 'end_char': 15}], 'relevance': 0.34945181183609386}]"
"Chapter01/art/speech_signal ~ Plot
of part of a speech signal. This signal  can be represented as a
function of a single (time) variable, $s(t)$. The shaded region is
shown in more detail in Fig.~<a class=""flink bkimg"" ref=""fig-dtsig"">&#8251;</a>.",,FALSE,"[{'tag_name': 'ASPECT', 'parsed_value': 'signal', 'count': 1, 'forms': [{'start_char': 69, 'form': 'signal', 'end_char': 75}], 'relevance': 1.0}, {'tag_name': 'ASPECT', 'parsed_value': 'fig.~<a class=""flink', 'count': 1, 'forms': [{'start_char': 194, 'form': 'Fig.~<a class=""flink', 'end_char': 214}], 'relevance': 0.46650079356881424}, {'tag_name': 'ASPECT', 'parsed_value': 'speech signal', 'count': 1, 'forms': [{'start_char': 49, 'form': 'speech signal', 'end_char': 62}], 'relevance': 0.45018187359811035}, {'tag_name': 'ASPECT', 'parsed_value': 'chapter01', 'count': 1, 'forms': [{'start_char': 0, 'form': 'Chapter01', 'end_char': 9}], 'relevance': 0.44709957435308756}, {'tag_name': 'ASPECT', 'parsed_value': 'shaded region', 'count': 1, 'forms': [{'start_char': 152, 'form': 'shaded region', 'end_char': 165}], 'relevance': 0.4441517837852933}, {'tag_name': 'ASPECT', 'parsed_value': 'function', 'count': 1, 'forms': [{'start_char': 102, 'form': 'function', 'end_char': 110}], 'relevance': 0.43187992325537294}, {'tag_name': 'ASPECT', 'parsed_value': 'art', 'count': 1, 'forms': [{'start_char': 10, 'form': 'art', 'end_char': 13}], 'relevance': 0.422118104221869}, {'tag_name': 'ASPECT', 'parsed_value': 'variable', 'count': 1, 'forms': [{'start_char': 130, 'form': 'variable', 'end_char': 138}], 'relevance': 0.32758800016886}, {'tag_name': 'ASPECT', 'parsed_value': 'plot', 'count': 1, 'forms': [{'start_char': 30, 'form': 'Plot', 'end_char': 34}], 'relevance': 0.3062260675544458}, {'tag_name': 'ASPECT', 'parsed_value': 'dtsig"">&#8251;</a', 'count': 1, 'forms': [{'start_char': 231, 'form': 'dtsig"">&#8251;</a', 'end_char': 248}], 'relevance': 0.27873899407988745}]"
s(t),,FALSE,[]
"<div class=""row clearBoth"">
									<div class=""thumbnail"">
									  <img id=""fig-intro-spchwave"" src=""ITS_FILES/BOOK4/Chapter01/art/speech_signal.png"" style=""max-height:200px"">
									  <div class=""caption text-center text-muted"">Plot
of part of a speech signal. This signal  can be represented as a
function of a single (time) variable, \(s(t)\). The shaded region is
shown in more detail in Fig.~<a class=""flink bkimg"" ref=""fig-dtsig"">&#8251;</a>.</div>
									</div>
								  </div>
shows a plot of a speech waveform.  In this plot, the vertical
axis represents air pressure, or microphone voltage, and the
horizontal axis represents time. Notice that there are four plots
in the figure corresponding to four contiguous time segments of
the speech waveform. The second plot is a continuation of the
first, and so on, with each graph corresponding to a time interval
of 50 milliseconds (msec). ",,FALSE,"[{'tag_name': 'ASPECT', 'parsed_value': 'signal', 'count': 1, 'forms': [{'start_char': 278, 'form': 'signal', 'end_char': 284}], 'relevance': 1.0}, {'tag_name': 'ASPECT', 'parsed_value': 'div class=""caption text', 'count': 1, 'forms': [{'start_char': 196, 'form': 'div class=""caption text', 'end_char': 219}], 'relevance': 0.500790245621883}, {'tag_name': 'ASPECT', 'parsed_value': 'div class=""row clearboth', 'count': 1, 'forms': [{'start_char': 1, 'form': 'div class=""row clearBoth', 'end_char': 25}], 'relevance': 0.500790245621883}, {'tag_name': 'ASPECT', 'parsed_value': 'fig.~<a class=""flink', 'count': 1, 'forms': [{'start_char': 405, 'form': 'Fig.~<a class=""flink', 'end_char': 425}], 'relevance': 0.46650079356881424}, {'tag_name': 'ASPECT', 'parsed_value': 'speech signal', 'count': 1, 'forms': [{'start_char': 258, 'form': 'speech signal', 'end_char': 271}], 'relevance': 0.45018187359811035}, {'tag_name': 'ASPECT', 'parsed_value': 'chapter01', 'count': 1, 'forms': [{'start_char': 124, 'form': 'Chapter01', 'end_char': 133}], 'relevance': 0.44709957435308756}, {'tag_name': 'ASPECT', 'parsed_value': 'shaded region', 'count': 1, 'forms': [{'start_char': 363, 'form': 'shaded region', 'end_char': 376}], 'relevance': 0.4441517837852933}, {'tag_name': 'ASPECT', 'parsed_value': 'div class=""thumbnail', 'count': 1, 'forms': [{'start_char': 39, 'form': 'div class=""thumbnail', 'end_char': 59}], 'relevance': 0.44398879795291046}, {'tag_name': 'ASPECT', 'parsed_value': 'center text', 'count': 1, 'forms': [{'start_char': 220, 'form': 'center text', 'end_char': 231}], 'relevance': 0.44398879795291046}, {'tag_name': 'ASPECT', 'parsed_value': 'img id=""fig', 'count': 1, 'forms': [{'start_char': 75, 'form': 'img id=""fig', 'end_char': 86}], 'relevance': 0.44398879795291046}]"
Signals! continuous-time,,FALSE,"[{'tag_name': 'ASPECT', 'parsed_value': 'signal', 'count': 1, 'forms': [{'start_char': 0, 'form': 'Signals', 'end_char': 7}], 'relevance': 1.0}]"
s(t),,FALSE,[]
s(t),,FALSE,[]
"The speech signal in Fig.~<a class=""flink bkimg"" ref=""fig-intro-spchwave"">&#8251;</a> is an example
of a one-dimensional <span class=""bold highlight"">continuous-time
signal</span>.  Such signals can be
represented mathematically as a function of a single independent
variable, which is normally denoted \(t\). Although in this
particular case we cannot write a simple equation that describes
the graph of Fig.~<a class=""flink bkimg"" ref=""fig-intro-spchwave"">&#8251;</a> in terms of familiar
mathematical functions, we can nevertheless associate a function
\(s(t)\) with the graph. Indeed, the graph itself can be taken as a
definition of the function that assigns a number \(s(t)\) to each
instant of time (each value of \(t\)).",,FALSE,"[{'tag_name': 'ASPECT', 'parsed_value': 'fig.~<a class=""flink', 'count': 1, 'forms': [{'start_char': 21, 'form': 'Fig.~<a class=""flink', 'end_char': 41}], 'relevance': 0.46650079356881424}, {'tag_name': 'ASPECT', 'parsed_value': 'speech signal', 'count': 1, 'forms': [{'start_char': 4, 'form': 'speech signal', 'end_char': 17}], 'relevance': 0.45018187359811035}, {'tag_name': 'ASPECT', 'parsed_value': 'function', 'count': 3, 'forms': [{'start_char': 237, 'form': 'function', 'end_char': 245}, {'start_char': 554, 'form': 'function', 'end_char': 562}, {'start_char': 651, 'form': 'function', 'end_char': 659}], 'relevance': 0.43187992325537294}, {'tag_name': 'ASPECT', 'parsed_value': 'example', 'count': 1, 'forms': [{'start_char': 92, 'form': 'example', 'end_char': 99}], 'relevance': 0.4244054195388796}, {'tag_name': 'ASPECT', 'parsed_value': 'definition', 'count': 1, 'forms': [{'start_char': 633, 'form': 'definition', 'end_char': 643}], 'relevance': 0.40341848349695786}, {'tag_name': 'ASPECT', 'parsed_value': 'intro', 'count': 2, 'forms': [{'start_char': 58, 'form': 'intro', 'end_char': 63}, {'start_char': 448, 'form': 'intro', 'end_char': 453}], 'relevance': 0.3660576394006303}, {'tag_name': 'ASPECT', 'parsed_value': 'variable', 'count': 1, 'forms': [{'start_char': 271, 'form': 'variable', 'end_char': 279}], 'relevance': 0.32758800016886}, {'tag_name': 'ASPECT', 'parsed_value': 'mathematical function', 'count': 1, 'forms': [{'start_char': 498, 'form': 'mathematical functions', 'end_char': 520}], 'relevance': 0.3212299822890907}, {'tag_name': 'ASPECT', 'parsed_value': 'graph of fig.~<a class=""flink', 'count': 1, 'forms': [{'start_char': 402, 'form': 'graph of Fig.~<a class=""flink', 'end_char': 431}], 'relevance': 0.3127117897195203}, {'tag_name': 'ASPECT', 'parsed_value': 'term', 'count': 1, 'forms': [{'start_char': 479, 'form': 'terms', 'end_char': 484}], 'relevance': 0.3094886497998251}]"
Signals! discrete-time,,FALSE,"[{'tag_name': 'ASPECT', 'parsed_value': 'signal', 'count': 1, 'forms': [{'start_char': 0, 'form': 'Signals', 'end_char': 7}], 'relevance': 1.0}]"
Signals,,FALSE,"[{'tag_name': 'ASPECT', 'parsed_value': 'signal', 'count': 1, 'forms': [{'start_char': 0, 'form': 'Signals', 'end_char': 7}], 'relevance': 1.0}]"
Sampling,,FALSE,"[{'tag_name': 'ASPECT', 'parsed_value': 'sampling', 'count': 1, 'forms': [{'start_char': 0, 'form': 'Sampling', 'end_char': 8}], 'relevance': 0.37885185528498566}]"
Sampling! period,,FALSE,"[{'tag_name': 'ASPECT', 'parsed_value': 'sampling', 'count': 1, 'forms': [{'start_char': 0, 'form': 'Sampling', 'end_char': 8}], 'relevance': 0.37885185528498566}, {'tag_name': 'ASPECT', 'parsed_value': 'period', 'count': 1, 'forms': [{'start_char': 10, 'form': 'period', 'end_char': 16}], 'relevance': 0.29890129847813957}]"
"Note that our convention will be to use parentheses $( )$ to enclose the independent variable of a continuous-variable function, and square brackets $[ ]$ to enclose the independent variable of a discrete-variable function (sequence).",,FALSE,"[{'tag_name': 'ASPECT', 'parsed_value': 'independent variable', 'count': 2, 'forms': [{'start_char': 73, 'form': 'independent variable', 'end_char': 93}, {'start_char': 170, 'form': 'independent variable', 'end_char': 190}], 'relevance': 0.415678641291639}, {'tag_name': 'ASPECT', 'parsed_value': 'variable function', 'count': 2, 'forms': [{'start_char': 110, 'form': 'variable function', 'end_char': 127}, {'start_char': 205, 'form': 'variable function', 'end_char': 222}], 'relevance': 0.41376845876179635}, {'tag_name': 'ASPECT', 'parsed_value': 'square bracket', 'count': 1, 'forms': [{'start_char': 133, 'form': 'square brackets', 'end_char': 148}], 'relevance': 0.32744747180561673}, {'tag_name': 'ASPECT', 'parsed_value': 'sequence', 'count': 1, 'forms': [{'start_char': 224, 'form': 'sequence', 'end_char': 232}], 'relevance': 0.28805582395034063}, {'tag_name': 'ASPECT', 'parsed_value': 'parenthesis', 'count': 1, 'forms': [{'start_char': 40, 'form': 'parentheses', 'end_char': 51}], 'relevance': 0.27220204015366173}, {'tag_name': 'ASPECT', 'parsed_value': 'convention', 'count': 1, 'forms': [{'start_char': 14, 'form': 'convention', 'end_char': 24}], 'relevance': 0.27220204015366173}]"
s[n]=s(nT_s),,FALSE,"[{'tag_name': 'ASPECT', 'parsed_value': 's[n]=s(nt_', 'count': 1, 'forms': [{'start_char': 0, 'form': 's[n]=s(nT_s', 'end_char': 11}], 'relevance': 0.3172967888346072}]"
"\{\dots, -2, -1, 0, 1, 2, \dots\}",,FALSE,"[{'tag_name': 'ASPECT', 'parsed_value': '\\{\\dots', 'count': 1, 'forms': [{'start_char': 0, 'form': '\\{\\dots', 'end_char': 7}], 'relevance': 0.2949870233223916}, {'tag_name': 'ASPECT', 'parsed_value': '\\dots\\', 'count': 1, 'forms': [{'start_char': 26, 'form': '\\dots\\', 'end_char': 32}], 'relevance': 0.2949870233223916}]"
T_s,,FALSE,[]
( ),,FALSE,[]
[ ],,FALSE,[]
"Many, if not most, signals originate as continuous-time signals.
However, for a variety of reasons that will become increasingly
obvious as we progress through this text, it is often desirable to
  obtain a
discrete-time representation of a signal.  This can be done by
<span class=""bold highlight"">sampling</span>  a continuous-time signal at
isolated, equally spaced points in time. The result is a sequence
of numbers that can be represented as a function of an index
variable that takes on only discrete values.  This can be
represented mathematically as \(s[n]=s(nT_s)\), where \(n\) is an
integer; i.e., \(\{\dots, -2, -1, 0, 1, 2, \dots\}\), and \(T_s\) is
the  <span class=""bold highlight"">sampling period</span>. <a type=""button"" class=""flink"" data-toggle=""popover"" data-trigger=""hover"" data-placement=""top"" data-html=""true"" data-content=""Note that our convention will be to use parentheses \(( )\) to
enclose the independent variable of a continuous-variable
function, and square brackets \([ ]\) to enclose the independent
variable of a discrete-variable function (sequence).""><span class=""glyphicon glyphicon-comment"" aria-hidden=""true""></span></a>  This is, of
course, exactly what we do when we plot values of a function on
graph paper or on a computer screen.  We cannot evaluate the
function at every possible value of a continuous variable, only at
a set of discrete points. Intuitively, we know that the closer the
spacing of the points, the more the sequence retains the shape of
the original continuous-variable function.  Figure
~<a class=""flink bkimg"" ref=""fig-dtsig"">&#8251;</a> shows an example of a short segment of a
discrete-time signal that was derived by",,FALSE,"[{'tag_name': 'ASPECT', 'parsed_value': 'signal', 'count': 2, 'forms': [{'start_char': 19, 'form': 'signals', 'end_char': 26}, {'start_char': 245, 'form': 'signal', 'end_char': 251}], 'relevance': 1.0}, {'tag_name': 'ASPECT', 'parsed_value': 'time signal', 'count': 3, 'forms': [{'start_char': 51, 'form': 'time signals', 'end_char': 63}, {'start_char': 334, 'form': 'time signal', 'end_char': 345}, {'start_char': 1674, 'form': 'time signal', 'end_char': 1685}], 'relevance': 0.5170429026619572}, {'tag_name': 'ASPECT', 'parsed_value': 'span class=""bold', 'count': 1, 'forms': [{'start_char': 276, 'form': 'span class=""bold', 'end_char': 292}], 'relevance': 0.5077338888476739}, {'tag_name': 'OPINION', 'parsed_value': 'spaced point', 'count': 1, 'forms': [{'start_char': 368, 'form': 'spaced points', 'end_char': 381}], 'relevance': 0.45271066258602083}, {'tag_name': 'ASPECT', 'parsed_value': 'function', 'count': 4, 'forms': [{'start_char': 457, 'form': 'function', 'end_char': 465}, {'start_char': 982, 'form': 'function', 'end_char': 990}, {'start_char': 1241, 'form': 'function', 'end_char': 1249}, {'start_char': 1316, 'form': 'function', 'end_char': 1324}], 'relevance': 0.43187992325537294}, {'tag_name': 'ASPECT', 'parsed_value': 'example', 'count': 1, 'forms': [{'start_char': 1632, 'form': 'example', 'end_char': 1639}], 'relevance': 0.4244054195388796}, {'tag_name': 'ASPECT', 'parsed_value': 'independent variable', 'count': 1, 'forms': [{'start_char': 935, 'form': 'independent variable', 'end_char': 955}], 'relevance': 0.415678641291639}, {'tag_name': 'ASPECT', 'parsed_value': 'variable function', 'count': 2, 'forms': [{'start_char': 1071, 'form': 'variable function', 'end_char': 1088}, {'start_char': 1543, 'form': 'variable function', 'end_char': 1560}], 'relevance': 0.41376845876179635}, {'tag_name': 'ASPECT', 'parsed_value': 'variable', 'count': 3, 'forms': [{'start_char': 479, 'form': 'variable', 'end_char': 487}, {'start_char': 972, 'form': 'variable', 'end_char': 980}, {'start_char': 1048, 'form': 'variable', 'end_char': 1056}], 'relevance': 0.32758800016886}, {'tag_name': 'ASPECT', 'parsed_value': 'square bracket', 'count': 1, 'forms': [{'start_char': 996, 'form': 'square brackets', 'end_char': 1011}], 'relevance': 0.32744747180561673}]"
"Chapter01/art/dt_signal ~ Example
of a discrete-time signal that can be represented by a
one-dimensional sequence or function of a discrete variable.
Signal samples are taken from the shaded region of Fig.~<a class=""flink bkimg"" ref=""fig-intro-spchwave"">&#8251;</a>.",,FALSE,"[{'tag_name': 'OPINION', 'parsed_value': 'taken signal sample', 'count': 1, 'forms': [{'start_char': 153, 'form': 'Signal samples are taken', 'end_char': 177}], 'relevance': 0.6950627150587323}, {'tag_name': 'ASPECT', 'parsed_value': 'time signal', 'count': 1, 'forms': [{'start_char': 49, 'form': 'time signal', 'end_char': 60}], 'relevance': 0.5170429026619572}, {'tag_name': 'ASPECT', 'parsed_value': 'chapter01', 'count': 1, 'forms': [{'start_char': 0, 'form': 'Chapter01', 'end_char': 9}], 'relevance': 0.44709957435308756}, {'tag_name': 'ASPECT', 'parsed_value': 'shaded region', 'count': 1, 'forms': [{'start_char': 187, 'form': 'shaded region', 'end_char': 200}], 'relevance': 0.4441517837852933}, {'tag_name': 'ASPECT', 'parsed_value': 'function', 'count': 1, 'forms': [{'start_char': 119, 'form': 'function', 'end_char': 127}], 'relevance': 0.43187992325537294}, {'tag_name': 'ASPECT', 'parsed_value': 'region of fig.~<a class=""flink', 'count': 1, 'forms': [{'start_char': 194, 'form': 'region of Fig.~<a class=""flink', 'end_char': 224}], 'relevance': 0.42468726778363414}, {'tag_name': 'ASPECT', 'parsed_value': 'example', 'count': 1, 'forms': [{'start_char': 26, 'form': 'Example', 'end_char': 33}], 'relevance': 0.4244054195388796}, {'tag_name': 'ASPECT', 'parsed_value': 'art', 'count': 1, 'forms': [{'start_char': 10, 'form': 'art', 'end_char': 13}], 'relevance': 0.422118104221869}, {'tag_name': 'ASPECT', 'parsed_value': 'dimensional sequence', 'count': 1, 'forms': [{'start_char': 95, 'form': 'dimensional sequence', 'end_char': 115}], 'relevance': 0.3816458772247377}, {'tag_name': 'ASPECT', 'parsed_value': 'intro', 'count': 1, 'forms': [{'start_char': 241, 'form': 'intro', 'end_char': 246}], 'relevance': 0.3660576394006303}]"
T_s=1/8,,FALSE,"[{'tag_name': 'ASPECT', 'parsed_value': 't_s=1/8', 'count': 1, 'forms': [{'start_char': 0, 'form': 'T_s=1/8', 'end_char': 7}], 'relevance': 0.3172967888346072}]"
"<div class=""row clearBoth"">
									<div class=""thumbnail"">
									  <img id=""fig-dtsig"" src=""ITS_FILES/BOOK4/Chapter01/art/dt_signal.png"" style=""max-height:200px"">
									  <div class=""caption text-center text-muted"">Example
of a discrete-time signal that can be represented by a
one-dimensional sequence or function of a discrete variable.
Signal samples are taken from the shaded region of Fig.~<a class=""flink bkimg"" ref=""fig-intro-spchwave"">&#8251;</a>.</div>
									</div>
								  </div>
sampling the speech waveform of Fig.~<a class=""flink bkimg"" ref=""fig-intro-spchwave"">&#8251;</a> with
a sampling period of \(T_s=1/8\) msec. In this case, a
vertical line with a dot at the end shows the location and the
size of each of the isolated sequence values.",,FALSE,"[{'tag_name': 'OPINION', 'parsed_value': 'taken signal sample', 'count': 1, 'forms': [{'start_char': 353, 'form': 'Signal samples are taken', 'end_char': 377}], 'relevance': 0.6950627150587323}, {'tag_name': 'ASPECT', 'parsed_value': 'time signal', 'count': 1, 'forms': [{'start_char': 249, 'form': 'time signal', 'end_char': 260}], 'relevance': 0.5170429026619572}, {'tag_name': 'ASPECT', 'parsed_value': 'div class=""caption text', 'count': 1, 'forms': [{'start_char': 183, 'form': 'div class=""caption text', 'end_char': 206}], 'relevance': 0.500790245621883}, {'tag_name': 'ASPECT', 'parsed_value': 'div class=""row clearboth', 'count': 1, 'forms': [{'start_char': 1, 'form': 'div class=""row clearBoth', 'end_char': 25}], 'relevance': 0.500790245621883}, {'tag_name': 'ASPECT', 'parsed_value': 'chapter01', 'count': 1, 'forms': [{'start_char': 115, 'form': 'Chapter01', 'end_char': 124}], 'relevance': 0.44709957435308756}, {'tag_name': 'ASPECT', 'parsed_value': 'shaded region', 'count': 1, 'forms': [{'start_char': 387, 'form': 'shaded region', 'end_char': 400}], 'relevance': 0.4441517837852933}, {'tag_name': 'ASPECT', 'parsed_value': 'div class=""thumbnail', 'count': 1, 'forms': [{'start_char': 39, 'form': 'div class=""thumbnail', 'end_char': 59}], 'relevance': 0.44398879795291046}, {'tag_name': 'ASPECT', 'parsed_value': 'center text', 'count': 1, 'forms': [{'start_char': 207, 'form': 'center text', 'end_char': 218}], 'relevance': 0.44398879795291046}, {'tag_name': 'ASPECT', 'parsed_value': 'img id=""fig', 'count': 1, 'forms': [{'start_char': 75, 'form': 'img id=""fig', 'end_char': 86}], 'relevance': 0.44398879795291046}, {'tag_name': 'OPINION', 'parsed_value': 'isolated sequence value', 'count': 1, 'forms': [{'start_char': 755, 'form': 'isolated sequence values', 'end_char': 779}], 'relevance': 0.4406733524730362}]"
Image,,FALSE,"[{'tag_name': 'ASPECT', 'parsed_value': 'image', 'count': 1, 'forms': [{'start_char': 0, 'form': 'Image', 'end_char': 5}], 'relevance': 0.43600170059782484}]"
Image! gray-scale,,FALSE,"[{'tag_name': 'ASPECT', 'parsed_value': 'image', 'count': 1, 'forms': [{'start_char': 0, 'form': 'Image', 'end_char': 5}], 'relevance': 0.43600170059782484}, {'tag_name': 'ASPECT', 'parsed_value': 'scale', 'count': 1, 'forms': [{'start_char': 12, 'form': 'scale', 'end_char': 17}], 'relevance': 0.30219509881007434}]"
"p(x,y)",,FALSE,[]
"p(x_0,y_0)",,FALSE,"[{'tag_name': 'ASPECT', 'parsed_value': 'p(x_0,y_0', 'count': 1, 'forms': [{'start_char': 0, 'form': 'p(x_0,y_0', 'end_char': 9}], 'relevance': 0.3172967888346072}]"
"(x_0,y_0)",,FALSE,"[{'tag_name': 'ASPECT', 'parsed_value': 'x_0,y_0', 'count': 1, 'forms': [{'start_char': 1, 'form': 'x_0,y_0', 'end_char': 8}], 'relevance': 0.3172967888346072}]"
"While many  signals can be thought of as evolving patterns in
time, many other signals are not time-varying patterns.  For
example, an image formed by focusing light through a lens is a
spatial  pattern, and thus is appropriately
represented mathematically as a function of two spatial variables.
Such a signal would be considered, in general, as a function of
two independent variables; i.e., a picture might be denoted
\(p(x,y)\). A photograph is another example, such as the
&#8220;gray-scale image&#8221;  shown in
Fig.~<a class=""flink bkimg"" ref=""fig-imagesig"">&#8251;</a>. In this case, the value \(p(x_0,y_0)\)
represents the shade of gray at position \((x_0,y_0)\) in the image.",,FALSE,"[{'tag_name': 'ASPECT', 'parsed_value': 'signal', 'count': 3, 'forms': [{'start_char': 12, 'form': 'signals', 'end_char': 19}, {'start_char': 80, 'form': 'signals', 'end_char': 87}, {'start_char': 309, 'form': 'signal', 'end_char': 315}], 'relevance': 1.0}, {'tag_name': 'ASPECT', 'parsed_value': 'fig.~<a class=""flink', 'count': 1, 'forms': [{'start_char': 528, 'form': 'Fig.~<a class=""flink', 'end_char': 548}], 'relevance': 0.46650079356881424}, {'tag_name': 'ASPECT', 'parsed_value': 'image', 'count': 2, 'forms': [{'start_char': 137, 'form': 'image', 'end_char': 142}, {'start_char': 690, 'form': 'image', 'end_char': 695}], 'relevance': 0.43600170059782484}, {'tag_name': 'ASPECT', 'parsed_value': 'function', 'count': 2, 'forms': [{'start_char': 266, 'form': 'function', 'end_char': 274}, {'start_char': 354, 'form': 'function', 'end_char': 362}], 'relevance': 0.43187992325537294}, {'tag_name': 'ASPECT', 'parsed_value': 'example', 'count': 2, 'forms': [{'start_char': 125, 'form': 'example', 'end_char': 132}, {'start_char': 464, 'form': 'example', 'end_char': 471}], 'relevance': 0.4244054195388796}, {'tag_name': 'ASPECT', 'parsed_value': 'independent variable', 'count': 1, 'forms': [{'start_char': 371, 'form': 'independent variables', 'end_char': 392}], 'relevance': 0.415678641291639}, {'tag_name': 'ASPECT', 'parsed_value': 'spatial variable', 'count': 1, 'forms': [{'start_char': 282, 'form': 'spatial variables', 'end_char': 299}], 'relevance': 0.3876237341951954}, {'tag_name': 'ASPECT', 'parsed_value': 'pattern', 'count': 3, 'forms': [{'start_char': 50, 'form': 'patterns', 'end_char': 58}, {'start_char': 109, 'form': 'patterns', 'end_char': 117}, {'start_char': 198, 'form': 'pattern', 'end_char': 205}], 'relevance': 0.32875957646212123}, {'tag_name': 'ASPECT', 'parsed_value': 'shade of gray', 'count': 1, 'forms': [{'start_char': 643, 'form': 'shade of gray', 'end_char': 656}], 'relevance': 0.29328784915982054}, {'tag_name': 'ASPECT', 'parsed_value': 'case', 'count': 1, 'forms': [{'start_char': 596, 'form': 'case', 'end_char': 600}], 'relevance': 0.2861963530168734}]"
Signals! two-dimensional,,FALSE,"[{'tag_name': 'ASPECT', 'parsed_value': 'signal', 'count': 1, 'forms': [{'start_char': 0, 'form': 'Signals', 'end_char': 7}], 'relevance': 1.0}]"
"Chapter01/art/1F3 ~ Example of a signal that can be represented by a
function of two spatial variables.",,FALSE,"[{'tag_name': 'ASPECT', 'parsed_value': 'signal', 'count': 1, 'forms': [{'start_char': 33, 'form': 'signal', 'end_char': 39}], 'relevance': 1.0}, {'tag_name': 'ASPECT', 'parsed_value': 'chapter01', 'count': 1, 'forms': [{'start_char': 0, 'form': 'Chapter01', 'end_char': 9}], 'relevance': 0.44709957435308756}, {'tag_name': 'ASPECT', 'parsed_value': 'function', 'count': 1, 'forms': [{'start_char': 70, 'form': 'function', 'end_char': 78}], 'relevance': 0.43187992325537294}, {'tag_name': 'ASPECT', 'parsed_value': 'example', 'count': 1, 'forms': [{'start_char': 20, 'form': 'Example', 'end_char': 27}], 'relevance': 0.4244054195388796}, {'tag_name': 'ASPECT', 'parsed_value': 'spatial variable', 'count': 1, 'forms': [{'start_char': 86, 'form': 'spatial variables', 'end_char': 103}], 'relevance': 0.3876237341951954}, {'tag_name': 'ASPECT', 'parsed_value': 'art/1f3', 'count': 1, 'forms': [{'start_char': 10, 'form': 'art/1F3', 'end_char': 17}], 'relevance': 0.2839297039135971}]"
"p[m,n]=p(m\Delta_x,n\Delta_y)",,FALSE,"[{'tag_name': 'ASPECT', 'parsed_value': 'n]=p(m\\delta_x', 'count': 1, 'forms': [{'start_char': 4, 'form': 'n]=p(m\\Delta_x', 'end_char': 18}], 'relevance': 0.3053529235760897}, {'tag_name': 'ASPECT', 'parsed_value': 'n\\delta_y', 'count': 1, 'forms': [{'start_char': 19, 'form': 'n\\Delta_y', 'end_char': 28}], 'relevance': 0.29724904136857433}]"
\Delta_x,,FALSE,"[{'tag_name': 'ASPECT', 'parsed_value': '\\delta_x', 'count': 1, 'forms': [{'start_char': 0, 'form': '\\Delta_x', 'end_char': 8}], 'relevance': 0.3172967888346072}]"
\Delta_y,,FALSE,[]
"<div class=""row clearBoth"">
									<div class=""thumbnail"">
									  <img id=""fig-imagesig"" src=""ITS_FILES/BOOK4/Chapter01/art/1F3.png"" style=""max-height:200px"">
									  <div class=""caption text-center text-muted"">Example of a signal that can be represented by a
function of two spatial variables.</div>
									</div>
								  </div>
Images such as that in Fig.~<a class=""flink bkimg"" ref=""fig-imagesig"">&#8251;</a> are generally
considered to be two-dimensional 
continuous-variable signals, since we normally consider space to
be a continuum. However, sampling can likewise be used to obtain a
discrete-variable two-dimensional signal from a
continuous-variable two-dimensional signal. Such a
two-dimensional discrete-variable signal would be represented by
a two-dimensional sequence or an array of numbers, and would be
denoted \(p[m,n]=p(m\Delta_x,n\Delta_y)\), where both \(m\) and \(n\)
would take on only integer values, and \(\Delta_x\) and \(\Delta_y\)
are the horizontal and vertical sampling periods, respectively.",,FALSE,"[{'tag_name': 'ASPECT', 'parsed_value': 'signal', 'count': 1, 'forms': [{'start_char': 236, 'form': 'signal', 'end_char': 242}], 'relevance': 1.0}, {'tag_name': 'ASPECT', 'parsed_value': 'div class=""row clearboth', 'count': 1, 'forms': [{'start_char': 1, 'form': 'div class=""row clearBoth', 'end_char': 25}], 'relevance': 0.500790245621883}, {'tag_name': 'ASPECT', 'parsed_value': 'div class=""caption text', 'count': 1, 'forms': [{'start_char': 180, 'form': 'div class=""caption text', 'end_char': 203}], 'relevance': 0.500790245621883}, {'tag_name': 'ASPECT', 'parsed_value': 'fig.~<a class=""flink', 'count': 1, 'forms': [{'start_char': 373, 'form': 'Fig.~<a class=""flink', 'end_char': 393}], 'relevance': 0.46650079356881424}, {'tag_name': 'ASPECT', 'parsed_value': 'chapter01', 'count': 1, 'forms': [{'start_char': 118, 'form': 'Chapter01', 'end_char': 127}], 'relevance': 0.44709957435308756}, {'tag_name': 'ASPECT', 'parsed_value': 'div class=""thumbnail', 'count': 1, 'forms': [{'start_char': 39, 'form': 'div class=""thumbnail', 'end_char': 59}], 'relevance': 0.44398879795291046}, {'tag_name': 'ASPECT', 'parsed_value': 'center text', 'count': 1, 'forms': [{'start_char': 204, 'form': 'center text', 'end_char': 215}], 'relevance': 0.44398879795291046}, {'tag_name': 'ASPECT', 'parsed_value': 'img id=""fig', 'count': 1, 'forms': [{'start_char': 75, 'form': 'img id=""fig', 'end_char': 86}], 'relevance': 0.44398879795291046}, {'tag_name': 'ASPECT', 'parsed_value': 'image', 'count': 1, 'forms': [{'start_char': 350, 'form': 'Images', 'end_char': 356}], 'relevance': 0.43600170059782484}, {'tag_name': 'ASPECT', 'parsed_value': 'function', 'count': 1, 'forms': [{'start_char': 273, 'form': 'function', 'end_char': 281}], 'relevance': 0.43187992325537294}]"
Signals! video,,FALSE,"[{'tag_name': 'ASPECT', 'parsed_value': 'signal', 'count': 1, 'forms': [{'start_char': 0, 'form': 'Signals', 'end_char': 7}], 'relevance': 1.0}, {'tag_name': 'ASPECT', 'parsed_value': 'video', 'count': 1, 'forms': [{'start_char': 9, 'form': 'video', 'end_char': 14}], 'relevance': 0.33958687141975524}]"
"v(x,y,t)",,FALSE,[]
"Two-dimensional functions are appropriate mathematical
representations of still images that do not change with time; on
the other hand, videos  are time-varying
images that would require a third independent variable for time;
i.e., \(v(x,y,t)\). Video signals are intrinsically
three-dimensional, and, depending on the type of video system,
either two or all three variables may be discrete.",,FALSE,"[{'tag_name': 'OPINION', 'parsed_value': 'appropriate dimensional', 'count': 1, 'forms': [{'start_char': 4, 'form': 'dimensional functions are appropriate mathematical', 'end_char': 54}], 'relevance': 0.45271066258602083}, {'tag_name': 'ASPECT', 'parsed_value': 'image', 'count': 2, 'forms': [{'start_char': 81, 'form': 'images', 'end_char': 87}, {'start_char': 164, 'form': 'images', 'end_char': 170}], 'relevance': 0.43600170059782484}, {'tag_name': 'ASPECT', 'parsed_value': 'type of video system', 'count': 1, 'forms': [{'start_char': 324, 'form': 'type of video system', 'end_char': 344}], 'relevance': 0.3416270538633386}, {'tag_name': 'ASPECT', 'parsed_value': 'video', 'count': 1, 'forms': [{'start_char': 138, 'form': 'videos', 'end_char': 144}], 'relevance': 0.33958687141975524}, {'tag_name': 'ASPECT', 'parsed_value': 'variable', 'count': 1, 'forms': [{'start_char': 371, 'form': 'variables', 'end_char': 380}], 'relevance': 0.32758800016886}, {'tag_name': 'ASPECT', 'parsed_value': 'variable for time', 'count': 1, 'forms': [{'start_char': 210, 'form': 'variable for time', 'end_char': 227}], 'relevance': 0.32152694006055826}, {'tag_name': 'ASPECT', 'parsed_value': 'third independent variable', 'count': 1, 'forms': [{'start_char': 192, 'form': 'third independent variable', 'end_char': 218}], 'relevance': 0.32152694006055826}, {'tag_name': 'ASPECT', 'parsed_value': 'video signal', 'count': 1, 'forms': [{'start_char': 250, 'form': 'Video signals', 'end_char': 263}], 'relevance': 0.30393934048312554}, {'tag_name': 'ASPECT', 'parsed_value': 'dimensional function', 'count': 1, 'forms': [{'start_char': 4, 'form': 'dimensional functions', 'end_char': 25}], 'relevance': 0.30393934048312554}, {'tag_name': 'ASPECT', 'parsed_value': 'representation', 'count': 1, 'forms': [{'start_char': 56, 'form': 'representations', 'end_char': 71}], 'relevance': 0.287985222317573}]"
s(t),,FALSE,[]
"p[m,n]",,FALSE,[]
"Our purpose in this section has been simply to introduce the idea
that signals can be represented by mathematical functions.
Although we will soon see that many familiar functions are quite
valuable in the study of signals and systems, we have not even
attempted to demonstrate that fact. Our sole concern is to make
the connection between functions and signals, and, at this point,
functions simply serve as abstract symbols for signals. Thus, for
example, now we can refer to &#8220;the speech signal \(s(t)\)&#8221; or &#8220;the
sampled image \(p[m,n]\).&#8221; Although this may not seem highly
significant, we will see in the next section that it is indeed a
very important step toward our goal of using mathematics to
describe signals and systems in a systematic way.",,FALSE,"[{'tag_name': 'ASPECT', 'parsed_value': 'signal', 'count': 3, 'forms': [{'start_char': 72, 'form': 'signals', 'end_char': 79}, {'start_char': 359, 'form': 'signals', 'end_char': 366}, {'start_char': 745, 'form': 'signals', 'end_char': 752}], 'relevance': 1.0}, {'tag_name': 'ASPECT', 'parsed_value': 'system', 'count': 2, 'forms': [{'start_char': 230, 'form': 'systems', 'end_char': 237}, {'start_char': 757, 'form': 'systems', 'end_char': 764}], 'relevance': 0.9415417008387491}, {'tag_name': 'OPINION', 'parsed_value': 'sampled image \\(p[m', 'count': 1, 'forms': [{'start_char': 541, 'form': 'sampled image \\(p[m', 'end_char': 560}], 'relevance': 0.43263062164216426}, {'tag_name': 'ASPECT', 'parsed_value': 'function', 'count': 2, 'forms': [{'start_char': 345, 'form': 'functions', 'end_char': 354}, {'start_char': 389, 'form': 'functions', 'end_char': 398}], 'relevance': 0.43187992325537294}, {'tag_name': 'ASPECT', 'parsed_value': 'example', 'count': 1, 'forms': [{'start_char': 456, 'form': 'example', 'end_char': 463}], 'relevance': 0.4244054195388796}, {'tag_name': 'OPINION', 'parsed_value': 'important step', 'count': 1, 'forms': [{'start_char': 680, 'form': 'important step', 'end_char': 694}], 'relevance': 0.3907390917187552}, {'tag_name': 'ASPECT', 'parsed_value': 'step', 'count': 1, 'forms': [{'start_char': 690, 'form': 'step', 'end_char': 694}], 'relevance': 0.3313542006476158}, {'tag_name': 'ASPECT', 'parsed_value': 'mathematical function', 'count': 1, 'forms': [{'start_char': 102, 'form': 'mathematical functions', 'end_char': 124}], 'relevance': 0.3212299822890907}, {'tag_name': 'ASPECT', 'parsed_value': 'symbol for signals', 'count': 1, 'forms': [{'start_char': 424, 'form': 'symbols for signals', 'end_char': 443}], 'relevance': 0.29559547047601437}, {'tag_name': 'ASPECT', 'parsed_value': 'speech signal \\(s(t)\\)&#8221', 'count': 1, 'forms': [{'start_char': 496, 'form': 'speech signal \\(s(t)\\)&#8221', 'end_char': 524}], 'relevance': 0.29559547047601437}]"
Systems,,FALSE,"[{'tag_name': 'ASPECT', 'parsed_value': 'system', 'count': 1, 'forms': [{'start_char': 0, 'form': 'Systems', 'end_char': 7}], 'relevance': 0.9415417008387491}]"
Systems! definition,,FALSE,"[{'tag_name': 'ASPECT', 'parsed_value': 'system', 'count': 1, 'forms': [{'start_char': 0, 'form': 'Systems', 'end_char': 7}], 'relevance': 0.9415417008387491}, {'tag_name': 'ASPECT', 'parsed_value': 'definition', 'count': 1, 'forms': [{'start_char': 9, 'form': 'definition', 'end_char': 19}], 'relevance': 0.40341848349695786}]"
One-dimensional continuous-time system,,FALSE,"[{'tag_name': 'ASPECT', 'parsed_value': 'time system', 'count': 1, 'forms': [{'start_char': 27, 'form': 'time system', 'end_char': 38}], 'relevance': 0.7994195466028304}]"
"System!
squarer",,FALSE,"[{'tag_name': 'ASPECT', 'parsed_value': 'system', 'count': 1, 'forms': [{'start_char': 0, 'form': 'System', 'end_char': 6}], 'relevance': 0.9415417008387491}, {'tag_name': 'ASPECT', 'parsed_value': 'squarer', 'count': 1, 'forms': [{'start_char': 9, 'form': 'squarer', 'end_char': 16}], 'relevance': 0.32401950994998807}]"
Mathematical Representation of Systems,,FALSE,"[{'tag_name': 'ASPECT', 'parsed_value': 'mathematical representation', 'count': 1, 'forms': [{'start_char': 0, 'form': 'Mathematical Representation', 'end_char': 27}], 'relevance': 0.6416144244087119}, {'tag_name': 'ASPECT', 'parsed_value': 'systems', 'count': 1, 'forms': [{'start_char': 31, 'form': 'Systems', 'end_char': 38}], 'relevance': 0.31185091632649997}]"
x(t),,FALSE,[]
y(t),,FALSE,[]
{\cal T },,FALSE,"[{'tag_name': 'ASPECT', 'parsed_value': '\\cal t', 'count': 1, 'forms': [{'start_char': 1, 'form': '\\cal T', 'end_char': 7}], 'relevance': 0.45271066258602083}]"
y(t),,FALSE,[]
\begin{align*}y(t)= {\cal T}\{x(t)\}\end{align*},,FALSE,"[{'tag_name': 'ASPECT', 'parsed_value': '\\begin{align*}y(t)=', 'count': 1, 'forms': [{'start_char': 0, 'form': '\\begin{align*}y(t)=', 'end_char': 19}], 'relevance': 0.3172967888346072}]"
\begin{align*}y(t) = [x(t)]^2\end{align*},,FALSE,"[{'tag_name': 'ASPECT', 'parsed_value': 'x(t)]^2\\end{align', 'count': 1, 'forms': [{'start_char': 22, 'form': 'x(t)]^2\\end{align', 'end_char': 39}], 'relevance': 0.3172967888346072}]"
"<h3>Mathematical Representation of Systems</h3> 
 As we have already suggested, a system is something that transforms signals
into new signals or different signal representations.
 This is a rather abstract definition,
but it is useful as a starting point. To be more specific, we say
that a one-dimensional continuous-time system
 takes an input
signal \(x(t)\) and produces a corresponding output signal \(y(t)\).
This can be represented mathematically by
 <div class=""equation"" id=""eq-syseq"">\(y(t)= {\cal T}\{x(t)\}\)</div>
 
which means that the input signal (waveform, image, etc.) is operated on by the system
(symbolized by the operator \({\cal T }\)) to produce the output \(y(t)\). While this
sounds very abstract at first, a simple example will show that this need not be
mysterious.  Consider a system such that the output signal is the square of the input
signal. The mathematical description of this system is simply
 <div class=""equation"" id=""eq-syseq"">\(y(t)= {\cal T}\{x(t)\}\)</div>
which says that at each time instant the value of the output is equal to the square of the
input signal value at that same time. Such a  system would logically be termed a &#8220;squarer system.&#8221;
Figure <a class=""flink bkimg"" ref=""fig-square-spchsys"">&#8251;</a> shows the output of the squarer
for the input of Fig.~<a class=""flink bkimg"" ref=""fig-intro-spchwave"">&#8251;</a>. As would be
expected from the properties of the squaring operation, we see
that the output signal is always nonnegative and the large signal
values are emphasized relative to the small signal values.",,FALSE,"[{'tag_name': 'ASPECT', 'parsed_value': 'signal', 'count': 3, 'forms': [{'start_char': 119, 'form': 'signals', 'end_char': 126}, {'start_char': 354, 'form': 'signal', 'end_char': 360}, {'start_char': 884, 'form': 'signal', 'end_char': 890}], 'relevance': 1.0}, {'tag_name': 'ASPECT', 'parsed_value': 'system', 'count': 5, 'forms': [{'start_char': 83, 'form': 'system', 'end_char': 89}, {'start_char': 621, 'form': 'system', 'end_char': 627}, {'start_char': 821, 'form': 'system', 'end_char': 827}, {'start_char': 929, 'form': 'system', 'end_char': 935}, {'start_char': 1156, 'form': 'system', 'end_char': 1162}], 'relevance': 0.9415417008387491}, {'tag_name': 'ASPECT', 'parsed_value': 'time system', 'count': 1, 'forms': [{'start_char': 324, 'form': 'time system', 'end_char': 335}], 'relevance': 0.7994195466028304}, {'tag_name': 'ASPECT', 'parsed_value': 'mathematical representation', 'count': 1, 'forms': [{'start_char': 4, 'form': 'Mathematical Representation', 'end_char': 31}], 'relevance': 0.6416144244087119}, {'tag_name': 'OPINION', 'parsed_value': 'emphasized value', 'count': 1, 'forms': [{'start_char': 1549, 'form': 'values are emphasized', 'end_char': 1570}], 'relevance': 0.45271066258602083}, {'tag_name': 'ASPECT', 'parsed_value': 'image', 'count': 1, 'forms': [{'start_char': 586, 'form': 'image', 'end_char': 591}], 'relevance': 0.43600170059782484}, {'tag_name': 'ASPECT', 'parsed_value': 'input of fig.~<a class=""flink', 'count': 1, 'forms': [{'start_char': 1330, 'form': 'input of Fig.~<a class=""flink', 'end_char': 1359}], 'relevance': 0.4226817886335537}, {'tag_name': 'ASPECT', 'parsed_value': 'intro', 'count': 1, 'forms': [{'start_char': 1376, 'form': 'intro', 'end_char': 1381}], 'relevance': 0.3660576394006303}, {'tag_name': 'ASPECT', 'parsed_value': 'squarer', 'count': 1, 'forms': [{'start_char': 1313, 'form': 'squarer', 'end_char': 1320}], 'relevance': 0.32401950994998807}, {'tag_name': 'ASPECT', 'parsed_value': 'output signal', 'count': 3, 'forms': [{'start_char': 399, 'form': 'output signal', 'end_char': 412}, {'start_char': 842, 'form': 'output signal', 'end_char': 855}, {'start_char': 1491, 'form': 'output signal', 'end_char': 1504}], 'relevance': 0.32220516894666945}]"
Continuous-time system,,FALSE,"[{'tag_name': 'ASPECT', 'parsed_value': 'time system', 'count': 1, 'forms': [{'start_char': 11, 'form': 'time system', 'end_char': 22}], 'relevance': 0.7994195466028304}]"
System! continuous-time,,FALSE,"[{'tag_name': 'ASPECT', 'parsed_value': 'system', 'count': 1, 'forms': [{'start_char': 0, 'form': 'System', 'end_char': 6}], 'relevance': 0.9415417008387491}]"
System! discrete-time,,FALSE,"[{'tag_name': 'ASPECT', 'parsed_value': 'system', 'count': 1, 'forms': [{'start_char': 0, 'form': 'System', 'end_char': 6}], 'relevance': 0.9415417008387491}]"
\begin{align*}y[n] = (x[n])^2\end{align*},,FALSE,"[{'tag_name': 'ASPECT', 'parsed_value': '\\begin{align*}y[n', 'count': 1, 'forms': [{'start_char': 0, 'form': '\\begin{align*}y[n', 'end_char': 17}], 'relevance': 0.2949870233223916}, {'tag_name': 'ASPECT', 'parsed_value': 'x[n])^2\\end{align', 'count': 1, 'forms': [{'start_char': 22, 'form': 'x[n])^2\\end{align', 'end_char': 39}], 'relevance': 0.2949870233223916}]"
"The squarer system defined by <a class=""flink bkeq"" ref=""eq-sqeq""><span ref=""eq-sqeq"" class=""glyphicon glyphicon-option-horizontal"" aria-hidden=""true""></span></a> is an example of a
 
<span class=""bold highlight"">continuous-time system</span>, i.e., a system whose input and
output are continuous-time signals. Can we build a physical system
that acts like the squarer system? The answer is that the system
of <a class=""flink bkeq"" ref=""eq-sqeq""><span ref=""eq-sqeq"" class=""glyphicon glyphicon-option-horizontal"" aria-hidden=""true""></span></a> can be approximated through appropriate
connections of electronic circuits. On the other hand, if the
input and output of the system are both discrete-time signals
(sequences of numbers) related by
<div class=""equation"" id=""eq-sqeqdt"">\(y[n] = (x[n])^2\)</div>
 then the system would be a <span class=""bold highlight"">discrete-time
system</span>.   The implementation of the
discrete-time squarer system would be trivial; one simply
multiplies each discrete signal value by itself.",,FALSE,"[{'tag_name': 'ASPECT', 'parsed_value': 'system', 'count': 4, 'forms': [{'start_char': 254, 'form': 'system', 'end_char': 260}, {'start_char': 404, 'form': 'system', 'end_char': 410}, {'start_char': 676, 'form': 'system', 'end_char': 682}, {'start_char': 824, 'form': 'system', 'end_char': 830}], 'relevance': 0.9415417008387491}, {'tag_name': 'ASPECT', 'parsed_value': 'time signal', 'count': 2, 'forms': [{'start_char': 300, 'form': 'time signals', 'end_char': 312}, {'start_char': 701, 'form': 'time signals', 'end_char': 713}], 'relevance': 0.5170429026619572}, {'tag_name': 'ASPECT', 'parsed_value': 'squarer system', 'count': 2, 'forms': [{'start_char': 4, 'form': 'squarer system', 'end_char': 18}, {'start_char': 365, 'form': 'squarer system', 'end_char': 379}], 'relevance': 0.4694334517816688}, {'tag_name': 'ASPECT', 'parsed_value': 'example', 'count': 1, 'forms': [{'start_char': 169, 'form': 'example', 'end_char': 176}], 'relevance': 0.4244054195388796}, {'tag_name': 'ASPECT', 'parsed_value': 'physical system', 'count': 1, 'forms': [{'start_char': 329, 'form': 'physical system', 'end_char': 344}], 'relevance': 0.3278498059391581}, {'tag_name': 'ASPECT', 'parsed_value': 'sequence of numbers', 'count': 1, 'forms': [{'start_char': 716, 'form': 'sequences of numbers', 'end_char': 736}], 'relevance': 0.31799194549893683}, {'tag_name': 'ASPECT', 'parsed_value': 'output', 'count': 2, 'forms': [{'start_char': 278, 'form': 'output', 'end_char': 284}, {'start_char': 662, 'form': 'output', 'end_char': 668}], 'relevance': 0.31709093995991344}, {'tag_name': 'ASPECT', 'parsed_value': 'class=""glyphicon glyphicon', 'count': 2, 'forms': [{'start_char': 86, 'form': 'class=""glyphicon glyphicon', 'end_char': 112}, {'start_char': 471, 'form': 'class=""glyphicon glyphicon', 'end_char': 497}], 'relevance': 0.31479985895732665}, {'tag_name': 'ASPECT', 'parsed_value': 'class=""flink bkeq', 'count': 2, 'forms': [{'start_char': 33, 'form': 'class=""flink bkeq', 'end_char': 50}, {'start_char': 418, 'form': 'class=""flink bkeq', 'end_char': 435}], 'relevance': 0.31479985895732665}, {'tag_name': 'ASPECT', 'parsed_value': 'input', 'count': 2, 'forms': [{'start_char': 267, 'form': 'input', 'end_char': 272}, {'start_char': 652, 'form': 'input', 'end_char': 657}], 'relevance': 0.29188137507890416}]"
Block diagrams,,FALSE,"[{'tag_name': 'ASPECT', 'parsed_value': 'block diagram', 'count': 1, 'forms': [{'start_char': 0, 'form': 'Block diagrams', 'end_char': 14}], 'relevance': 0.7815275143848937}]"
"Chapter01/art/squarer_system ~ Output of a squarer system for the speech
 signal input of Fig.~<a class=""flink bkimg"" ref=""fig-intro-spchwave"">&#8251;</a>. The squarer system is defined
 by the equation  $y(t) = [x(t)]^2$",,FALSE,"[{'tag_name': 'OPINION', 'parsed_value': 'defined squarer system', 'count': 1, 'forms': [{'start_char': 161, 'form': 'squarer system is defined', 'end_char': 186}], 'relevance': 0.7145735835619301}, {'tag_name': 'ASPECT', 'parsed_value': 'squarer system', 'count': 2, 'forms': [{'start_char': 43, 'form': 'squarer system', 'end_char': 57}, {'start_char': 161, 'form': 'squarer system', 'end_char': 175}], 'relevance': 0.4694334517816688}, {'tag_name': 'ASPECT', 'parsed_value': 'chapter01', 'count': 1, 'forms': [{'start_char': 0, 'form': 'Chapter01', 'end_char': 9}], 'relevance': 0.44709957435308756}, {'tag_name': 'ASPECT', 'parsed_value': 'input of fig.~<a class=""flink', 'count': 1, 'forms': [{'start_char': 82, 'form': 'input of Fig.~<a class=""flink', 'end_char': 111}], 'relevance': 0.4226817886335537}, {'tag_name': 'ASPECT', 'parsed_value': 'art', 'count': 1, 'forms': [{'start_char': 10, 'form': 'art', 'end_char': 13}], 'relevance': 0.422118104221869}, {'tag_name': 'ASPECT', 'parsed_value': 'intro', 'count': 1, 'forms': [{'start_char': 128, 'form': 'intro', 'end_char': 133}], 'relevance': 0.3660576394006303}, {'tag_name': 'ASPECT', 'parsed_value': 'speech', 'count': 1, 'forms': [{'start_char': 66, 'form': 'speech', 'end_char': 72}], 'relevance': 0.34945181183609386}, {'tag_name': 'ASPECT', 'parsed_value': 'signal input', 'count': 1, 'forms': [{'start_char': 75, 'form': 'signal input', 'end_char': 87}], 'relevance': 0.3375180747950905}, {'tag_name': 'ASPECT', 'parsed_value': 'output', 'count': 1, 'forms': [{'start_char': 31, 'form': 'Output', 'end_char': 37}], 'relevance': 0.31709093995991344}, {'tag_name': 'ASPECT', 'parsed_value': 'equation', 'count': 1, 'forms': [{'start_char': 196, 'form': 'equation', 'end_char': 204}], 'relevance': 0.28339653221248307}]"
y(t) = [x(t)]^2,,FALSE,[]
y(t),,FALSE,[]
x(t),,FALSE,[]
{\cal T}\{ \},,FALSE,"[{'tag_name': 'ASPECT', 'parsed_value': '\\cal t}\\', 'count': 1, 'forms': [{'start_char': 1, 'form': '\\cal T}\\', 'end_char': 9}], 'relevance': 0.45271066258602083}]"
"<div class=""row clearBoth"">
									<div class=""thumbnail"">
									  <img id=""fig-square-spchsys"" src=""ITS_FILES/BOOK4/Chapter01/art/squarer_system.png"" style=""max-height:200px"">
									  <div class=""caption text-center text-muted"">Output of a squarer system for the speech
 signal input of Fig.~<a class=""flink bkimg"" ref=""fig-intro-spchwave"">&#8251;</a>. The squarer system is defined
 by the equation  \(y(t) = [x(t)]^2\)</div>
									</div>
								  </div>
In thinking and writing about systems, it is often useful to have a visual
representation of the system.  For this purpose, engineers use <span class=""bold highlight"">block diagrams</span>
to represent operations performed in an  implementation of a
system and to show the interrelations among the many signals that may exist in an
implementation of a complex system. An example of the general form of a block diagram
is shown in Fig.~<a class=""flink bkimg"" ref=""fig-intro-blockdiag"">&#8251;</a>. What this diagram shows is simply that the
signal \(y(t)\) is obtained from the signal \(x(t)\) by the operation \({\cal T}\{ \}\).",,FALSE,"[{'tag_name': 'ASPECT', 'parsed_value': 'signal', 'count': 2, 'forms': [{'start_char': 783, 'form': 'signals', 'end_char': 790}, {'start_char': 1060, 'form': 'signal', 'end_char': 1066}], 'relevance': 1.0}, {'tag_name': 'ASPECT', 'parsed_value': 'system', 'count': 4, 'forms': [{'start_char': 507, 'form': 'systems', 'end_char': 514}, {'start_char': 575, 'form': 'system', 'end_char': 581}, {'start_char': 730, 'form': 'system', 'end_char': 736}, {'start_char': 841, 'form': 'system', 'end_char': 847}], 'relevance': 0.9415417008387491}, {'tag_name': 'ASPECT', 'parsed_value': 'block diagram', 'count': 1, 'forms': [{'start_char': 885, 'form': 'block diagram', 'end_char': 898}], 'relevance': 0.7815275143848937}, {'tag_name': 'OPINION', 'parsed_value': 'defined squarer system', 'count': 1, 'forms': [{'start_char': 370, 'form': 'squarer system is defined', 'end_char': 395}], 'relevance': 0.7145735835619301}, {'tag_name': 'OPINION', 'parsed_value': 'complex system', 'count': 1, 'forms': [{'start_char': 833, 'form': 'complex system', 'end_char': 847}], 'relevance': 0.6623403790038245}, {'tag_name': 'ASPECT', 'parsed_value': 'span class=""bold', 'count': 1, 'forms': [{'start_char': 617, 'form': 'span class=""bold', 'end_char': 633}], 'relevance': 0.5077338888476739}, {'tag_name': 'ASPECT', 'parsed_value': 'div class=""row clearboth', 'count': 1, 'forms': [{'start_char': 1, 'form': 'div class=""row clearBoth', 'end_char': 25}], 'relevance': 0.500790245621883}, {'tag_name': 'ASPECT', 'parsed_value': 'div class=""caption text', 'count': 1, 'forms': [{'start_char': 197, 'form': 'div class=""caption text', 'end_char': 220}], 'relevance': 0.500790245621883}, {'tag_name': 'ASPECT', 'parsed_value': 'squarer system', 'count': 2, 'forms': [{'start_char': 252, 'form': 'squarer system', 'end_char': 266}, {'start_char': 370, 'form': 'squarer system', 'end_char': 384}], 'relevance': 0.4694334517816688}, {'tag_name': 'ASPECT', 'parsed_value': 'fig.~<a class=""flink', 'count': 1, 'forms': [{'start_char': 912, 'form': 'Fig.~<a class=""flink', 'end_char': 932}], 'relevance': 0.46650079356881424}]"
Sampler! definition,,FALSE,"[{'tag_name': 'ASPECT', 'parsed_value': 'definition', 'count': 1, 'forms': [{'start_char': 9, 'form': 'definition', 'end_char': 19}], 'relevance': 0.40341848349695786}]"
"Continuous-to-discrete
(C-to-D) converter",,FALSE,"[{'tag_name': 'ASPECT', 'parsed_value': 'converter', 'count': 1, 'forms': [{'start_char': 33, 'form': 'converter', 'end_char': 42}], 'relevance': 0.41321747145272664}]"
C-to-D converter,,FALSE,"[{'tag_name': 'ASPECT', 'parsed_value': 'd converter', 'count': 1, 'forms': [{'start_char': 5, 'form': 'D converter', 'end_char': 16}], 'relevance': 0.5884194574539753}]"
"Chapter01/art/CT_block_diagram ~ Block diagram representation
of a continuous-time system.",,FALSE,"[{'tag_name': 'ASPECT', 'parsed_value': 'time system', 'count': 1, 'forms': [{'start_char': 79, 'form': 'time system', 'end_char': 90}], 'relevance': 0.7994195466028304}, {'tag_name': 'ASPECT', 'parsed_value': 'chapter01', 'count': 1, 'forms': [{'start_char': 0, 'form': 'Chapter01', 'end_char': 9}], 'relevance': 0.44709957435308756}, {'tag_name': 'ASPECT', 'parsed_value': 'art', 'count': 1, 'forms': [{'start_char': 10, 'form': 'art', 'end_char': 13}], 'relevance': 0.422118104221869}, {'tag_name': 'ASPECT', 'parsed_value': 'block diagram representation', 'count': 1, 'forms': [{'start_char': 33, 'form': 'Block diagram representation', 'end_char': 61}], 'relevance': 0.3893992357989007}, {'tag_name': 'ASPECT', 'parsed_value': 'ct_block_diagram', 'count': 1, 'forms': [{'start_char': 14, 'form': 'CT_block_diagram', 'end_char': 30}], 'relevance': 0.2828281960539737}]"
x(t),,FALSE,[]
T_s,,FALSE,[]
\begin{align*}x[n] = x(nT_s)\end{align*},,FALSE,"[{'tag_name': 'ASPECT', 'parsed_value': '\\begin{align*}x[n', 'count': 1, 'forms': [{'start_char': 0, 'form': '\\begin{align*}x[n', 'end_char': 17}], 'relevance': 0.2949870233223916}, {'tag_name': 'ASPECT', 'parsed_value': 'x(nt_s)\\end{align', 'count': 1, 'forms': [{'start_char': 21, 'form': 'x(nT_s)\\end{align', 'end_char': 38}], 'relevance': 0.2949870233223916}]"
"<div class=""row clearBoth"">
									<div class=""thumbnail"">
									  <img id=""fig-intro-blockdiag"" src=""ITS_FILES/BOOK4/Chapter01/art/CT_block_diagram.png"" style=""max-height:100px"">
									  <div class=""caption text-center text-muted"">Block diagram representation
of a continuous-time system.</div>
									</div>
								  </div>
Another example of a system was suggested earlier when we
discussed the sampling relationship between continuous-time
signals and discrete-time signals. Therefore, we would define a
<span class=""bold highlight"">sampler</span> as a  system whose
input is a continuous-time signal \(x(t)\) and whose output is the
corresponding sequence of samples, defined by the equation
<div class=""equation"" id=""eq-ctodeq"">\(x[n] = x(nT_s)\)</div>
 which simply states that the sampler &#8220;takes an
instantaneous snapshot&#8221; of the continuous-time input signal
once every \(T_s\) seconds. Thus, the operation of sampling fits our
definition of a system, and it can be represented by the block
diagram in Fig.~<a class=""flink bkimg"" ref=""fig-idealctod"">&#8251;</a>. Often we will refer to the
sampler system as an &#8220;ideal continuous-to-discrete converter&#8221; or
<span class=""bold highlight"">ideal C-to-D converter</span>. In this case, as in the case of
the squarer, the name that we give to the system is really just a
description of what the system does.  ",,FALSE,"[{'tag_name': 'ASPECT', 'parsed_value': 'signal', 'count': 1, 'forms': [{'start_char': 464, 'form': 'signals', 'end_char': 471}], 'relevance': 1.0}, {'tag_name': 'ASPECT', 'parsed_value': 'system', 'count': 5, 'forms': [{'start_char': 365, 'form': 'system', 'end_char': 371}, {'start_char': 579, 'form': 'system', 'end_char': 585}, {'start_char': 992, 'form': 'system', 'end_char': 998}, {'start_char': 1353, 'form': 'system', 'end_char': 1359}, {'start_char': 1402, 'form': 'system', 'end_char': 1408}], 'relevance': 0.9415417008387491}, {'tag_name': 'ASPECT', 'parsed_value': 'time signal', 'count': 2, 'forms': [{'start_char': 485, 'form': 'time signals', 'end_char': 497}, {'start_char': 615, 'form': 'time signal', 'end_char': 626}], 'relevance': 0.5170429026619572}, {'tag_name': 'ASPECT', 'parsed_value': 'span class=""bold', 'count': 2, 'forms': [{'start_char': 530, 'form': 'span class=""bold', 'end_char': 546}, {'start_char': 1219, 'form': 'span class=""bold', 'end_char': 1235}], 'relevance': 0.5077338888476739}, {'tag_name': 'ASPECT', 'parsed_value': 'div class=""caption text', 'count': 1, 'forms': [{'start_char': 200, 'form': 'div class=""caption text', 'end_char': 223}], 'relevance': 0.500790245621883}, {'tag_name': 'ASPECT', 'parsed_value': 'div class=""row clearboth', 'count': 1, 'forms': [{'start_char': 1, 'form': 'div class=""row clearBoth', 'end_char': 25}], 'relevance': 0.500790245621883}, {'tag_name': 'ASPECT', 'parsed_value': 'fig.~<a class=""flink', 'count': 1, 'forms': [{'start_char': 1051, 'form': 'Fig.~<a class=""flink', 'end_char': 1071}], 'relevance': 0.46650079356881424}, {'tag_name': 'OPINION', 'parsed_value': 'suggested system', 'count': 1, 'forms': [{'start_char': 365, 'form': 'system was suggested', 'end_char': 385}], 'relevance': 0.45271066258602083}, {'tag_name': 'ASPECT', 'parsed_value': 'chapter01', 'count': 1, 'forms': [{'start_char': 125, 'form': 'Chapter01', 'end_char': 134}], 'relevance': 0.44709957435308756}, {'tag_name': 'ASPECT', 'parsed_value': 'div class=""thumbnail', 'count': 1, 'forms': [{'start_char': 39, 'form': 'div class=""thumbnail', 'end_char': 59}], 'relevance': 0.44398879795291046}]"
"Chapter01/art/C2D_block_diagram ~ Block diagram representation of a
sampler.",,FALSE,"[{'tag_name': 'ASPECT', 'parsed_value': 'chapter01', 'count': 1, 'forms': [{'start_char': 0, 'form': 'Chapter01', 'end_char': 9}], 'relevance': 0.44709957435308756}, {'tag_name': 'ASPECT', 'parsed_value': 'art', 'count': 1, 'forms': [{'start_char': 10, 'form': 'art', 'end_char': 13}], 'relevance': 0.422118104221869}, {'tag_name': 'ASPECT', 'parsed_value': 'diagram representation', 'count': 1, 'forms': [{'start_char': 40, 'form': 'diagram representation', 'end_char': 62}], 'relevance': 0.34004828003986753}, {'tag_name': 'ASPECT', 'parsed_value': 'block', 'count': 1, 'forms': [{'start_char': 34, 'form': 'Block', 'end_char': 39}], 'relevance': 0.2842493348866075}, {'tag_name': 'ASPECT', 'parsed_value': 'sampler', 'count': 1, 'forms': [{'start_char': 69, 'form': 'sampler', 'end_char': 76}], 'relevance': 0.27673833111799206}, {'tag_name': 'ASPECT', 'parsed_value': 'c2d_block_diagram', 'count': 1, 'forms': [{'start_char': 14, 'form': 'C2D_block_diagram', 'end_char': 31}], 'relevance': 0.27673833111799206}]"
"<div class=""row clearBoth"">
									<div class=""thumbnail"">
									  <img id=""fig-idealctod"" src=""ITS_FILES/BOOK4/Chapter01/art/C2D_block_diagram.png"" style=""max-height:100px"">
									  <div class=""caption text-center text-muted"">Block diagram representation of a
sampler.</div>
									</div>
								  </div>",,FALSE,"[{'tag_name': 'ASPECT', 'parsed_value': 'div class=""caption text', 'count': 1, 'forms': [{'start_char': 195, 'form': 'div class=""caption text', 'end_char': 218}], 'relevance': 0.500790245621883}, {'tag_name': 'ASPECT', 'parsed_value': 'div class=""row clearboth', 'count': 1, 'forms': [{'start_char': 1, 'form': 'div class=""row clearBoth', 'end_char': 25}], 'relevance': 0.500790245621883}, {'tag_name': 'ASPECT', 'parsed_value': 'chapter01', 'count': 1, 'forms': [{'start_char': 119, 'form': 'Chapter01', 'end_char': 128}], 'relevance': 0.44709957435308756}, {'tag_name': 'ASPECT', 'parsed_value': 'div class=""thumbnail', 'count': 1, 'forms': [{'start_char': 39, 'form': 'div class=""thumbnail', 'end_char': 59}], 'relevance': 0.44398879795291046}, {'tag_name': 'ASPECT', 'parsed_value': 'img id=""fig', 'count': 1, 'forms': [{'start_char': 75, 'form': 'img id=""fig', 'end_char': 86}], 'relevance': 0.44398879795291046}, {'tag_name': 'ASPECT', 'parsed_value': 'center text', 'count': 1, 'forms': [{'start_char': 219, 'form': 'center text', 'end_char': 230}], 'relevance': 0.44398879795291046}, {'tag_name': 'ASPECT', 'parsed_value': 'art', 'count': 1, 'forms': [{'start_char': 129, 'form': 'art', 'end_char': 132}], 'relevance': 0.422118104221869}, {'tag_name': 'ASPECT', 'parsed_value': 'muted"">block diagram representation', 'count': 1, 'forms': [{'start_char': 231, 'form': 'muted"">Block diagram representation', 'end_char': 266}], 'relevance': 0.35886964585947545}, {'tag_name': 'ASPECT', 'parsed_value': 'text-center', 'count': 1, 'forms': [{'start_char': 214, 'form': 'text-center', 'end_char': 225}], 'relevance': 0.3141569175666875}, {'tag_name': 'ASPECT', 'parsed_value': 'book4', 'count': 1, 'forms': [{'start_char': 113, 'form': 'BOOK4', 'end_char': 118}], 'relevance': 0.3141569175666875}]"
